brand,x,y
Amazon_Kindle,-7.89356631254,20.539603002
NESCAF_,42.7669791225,-2.72684675506
Nokia,40.523412736,-1.13219499776
McDonald_s,-1.06720309778,10.4411771021
T_Mobile,-0.225415505907,-37.5093082059
Amazon_com,-7.20469604318,2.96137668547
Delta,22.3641870055,28.4924308927
NVIDIA,0.0208748988855,-41.6224466572
Maybelline_New_York,5.41782360557,30.3113887392
Pepsi,-2.48344503719,-1.17748121831
Coca_Cola,1.53577569399,-2.36450960338
Capital_One,-6.49176277407,4.66651097794
American_Express,21.2004293358,28.3761911878
Mercedes_Benz_USA,8.98308406853,-2.59355429406
BMW_USA,9.00031811737,-2.61611904988
MetLife,-6.43215328937,4.65606702356
SingTel,1.21891649084,-39.54907169
Intel,0.0515771911142,-41.5227169977
MasterCard,-4.32314207944,-0.308093344491
Visa_Signature,-2.97897819208,1.09292430621
L_Oreal_Paris_USA,5.77919106674,30.3844496355
Coca_Cola_Zero,-0.222310269943,-5.70204945384
Starbucks,-5.6380180061,20.4667398002
Tide,-9.40602259475,29.5590226271
Burger_King,2.24788984205,-2.98560877531
Wendy_s,-10.0989586228,34.5290893148
Mercedes_Benz,10.9953521304,-0.86317972465
Subway,0.345029622618,12.2717456776
United,23.0158917615,28.9631431328
Bing,-0.265920603723,-37.5042353557
Windows_Phone,-0.605526738384,-39.811429222
Xbox,13.8734033819,-30.6398683762
Barack_Obama,-6.75998727191,-21.2138606267
Mitt_Romney,-27.5353941808,-17.3070481524
Atlanta_Braves,-26.2865850638,5.32380533968
Los_Angeles_Angels_of_Anaheim,-0.0165444242433,-13.3501964536
Houston_Astros,-35.28179672,-3.14160753407
Oakland_Athletics,-0.355264179211,-13.5270878636
Toronto_Blue_Jays,-17.3723334889,-0.602307217345
Milwaukee_Brewers,-27.8652438792,-4.82106756891
St_Louis_Cardinals,-7.57992709882,10.0702445408
Chicago_Cubs,0.768463755996,22.099870548
Groupon,-7.07181840118,5.08197968668
Los_Angeles_Dodgers,1.06275823161,-13.6160283472
Cisco_Networking_Academy,0.888698487476,-39.8785777313
Cleveland_Indians,-21.3711301853,11.5968318177
Seattle_Mariners,3.38176852484,9.41667263528
Miami_Marlins,-18.1466069151,-0.989204217764
New_York_Mets,-15.4843728074,6.75604018127
Washington_Nationals,-13.0068677618,11.2424039098
Baltimore_Orioles,-12.5863278942,11.604347089
San_Diego_Padres,-0.0695357056325,-13.2754977488
Philadelphia_Phillies,-15.2755006316,14.8182980967
Pittsburgh_Pirates,-16.1341182173,12.3952035434
Texas_Rangers,-35.2861686859,-3.07580702332
Tampa_Bay_Rays,-18.4132526708,-1.06016343297
Cincinnati_Reds,-24.6937510923,12.0007461962
Boston_Red_Sox,5.86353799824,0.516193555353
Colorado_Rockies,-13.9105086532,-2.06769937691
Kansas_City_Royals,-7.92562870995,9.90886985126
Detroit_Tigers,-11.8546268615,2.82869033969
Minnesota_Twins,-28.0398127324,-4.92388137211
Chicago_White_Sox,0.718768331183,22.1735097407
New_York_Yankees,-15.4446374839,6.75068794277
Bulgari,11.0967492642,27.0889326754
CHANEL,11.6616011581,27.8588590107
Clarins,2.79332271577,31.3750576658
Clinique,4.75614782368,29.9025002507
DKNY,11.2311136757,26.9953403065
Dolce_Gabbana,11.9415641794,26.8363120066
Zegna,11.7419272756,26.4004424593
Gucci,11.8822063356,27.3985941188
HUGO_BOSS,11.9208239695,26.101572125
Lanc_me_US,5.87159119082,29.9808894729
Marc_Jacobs_Intl,10.9779536376,27.1722431782
Ferrari,11.1653678074,-1.0714523935
Ralph_Lauren,10.6768142453,26.8008271781
Sephora,5.43463641222,31.8332107589
The_Official_Shiseido_USA_Page,5.38155564745,29.8704016745
The_Body_Shop_USA,4.29144213987,30.2553473104
Michele_Bachmann,-27.5150598547,-17.6622348654
Arizona_Athletics,-14.3799410434,2.86131227706
University_of_Arkansas_at_Little_Rock,-3.69181811486,-20.3910243272
BYU_Cougar_Basketball,-15.6571818663,3.69091971203
University_of_Cincinnati_Bearcats,-24.6895767428,11.6324873495
Clemson_Athletics,-26.8511682634,4.16927764228
UConn_Huskies,-13.9310397698,7.56505958802
Duke_Blue_Devils_Athletics,-13.1807591321,8.91656757419
Florida_Gators,-19.5200246506,-0.868309846933
Florida_State_Seminoles,-19.5341431927,-0.853282450426
Georgia_Bulldogs,-27.105428884,4.38219461213
Gonzaga_Bulldogs_Official_Site,2.42723512732,9.20220540964
Fighting_Illini_Basketball,1.67057411687,22.5939618862
Indiana_State_Sycamores,-9.30989453649,8.86825895124
University_of_Kansas_Athletics_Home_of_the_Jayhawks_,-8.63613055288,8.95814615073
Kentucky_Wildcats,-24.9269794699,10.5057905744
Louisville_Cardinals,-9.26075625408,8.61419522854
Marquette_Golden_Eagles_Official_Site,-27.2447981608,-4.85763479408
University_of_Memphis,-26.3526457932,2.25461745536
Michigan_Basketball,-12.0155977987,3.0052346607
Michigan_State_Spartans,-11.8587439794,2.84470501163
North_Carolina_Tar_Heels,-22.2267881507,-1.28879769479
Notre_Dame_Athletics,-9.4452635949,6.56507695567
Ohio_State_Buckeyes,-22.0921692072,11.6318331538
Old_Dominion_University_Athletics,-13.5726520792,9.90187965597
Penn_State_Nittany_Lions,-15.5772418592,13.3073842648
Pitt_Panthers,-15.9714599344,12.5164794489
Purdue_Athletics,-9.62435517179,8.69997018679
St_John_s_Red_Storm,-15.0645241297,6.5353070741
San_Diego_State_University_Athletics,-0.55708249999,-12.4870752286
Syracuse_Orange,-15.0322168373,6.74202630454
Tennessee_Volunteers_Athletics,-28.562075793,1.72858651426
Texas_Longhorns,-35.4174906763,-3.70775971443
Aggie_Athletics,-35.5742604012,-3.66710362956
UCLA_Athletics,0.866258424083,-12.3044117396
USC_Trojans_Official_Page,0.525303430652,-12.4090880951
Tim_Pawlenty,-26.7886347554,-17.6061369979
Vanderbilt_University_Athletics,-28.4608964554,1.46550406712
VCU_Athletics,-13.1201919102,9.60092715311
Washington_Huskies_Athletics,3.2634702596,9.45136565241
West_Virginia_University,-13.3653333348,9.97056879082
Wisconsin_Badgers,-27.719036306,-4.82017287412
Harvard_University,-5.3437897483,-12.3001035207
Massachusetts_Institute_of_Technology_MIT_,-5.29957900378,-12.2864908832
Northwestern_University,0.517084428581,19.8787722487
Princeton_University,-5.00660862208,-11.6906216083
Stanford_University,-5.27466755239,-12.182834422
The_Ohio_State_University,-21.7306805183,11.6293044422
University_of_Virginia,-13.9258951595,-13.703455994
University_of_Wisconsin_Madison,-27.5062655566,-4.9092514934
30_Rock,4.99200062131,-24.3451572503
50_Cent,14.6789409255,5.01178635671
adidas,22.1543066281,5.39168473086
Air_Canada,23.4775093059,26.8811496506
Air_France,22.8091586218,25.73358434
AMD,-0.0311418364446,-41.5295479361
American_Airlines,23.043853973,28.4772057628
American_Idol,-15.7680369788,-24.2122726826
Anderson_Cooper_360,-8.08900344542,-18.0141525094
Arizona_Cardinals,-16.8993668538,2.89240221555
Arsenal,25.8753232323,11.2882310371
Atlanta_Hawks,-24.6892425417,5.10754685045
Austrian_Airlines,23.2690688318,25.5454767782
Baltimore_Ravens,-12.1756634393,11.9847452725
BBC_America,-3.82663871984,-23.9664140168
Bergdorf_Goodman,8.00757318992,28.5720254845
Best_Buy,-5.11852717794,-3.20461222849
Best_Western,-4.84098212071,29.1935368366
Beyonc_,18.721638446,5.21420097527
Big_Time_Rush,24.3792623271,-9.11369943164
Black_Eyed_Peas,23.3853252875,1.44361906912
Blake_Griffin,-19.3444131642,5.3564171993
Bloomingdale_s,7.43106941512,29.0073135826
Bones,-17.0594763391,-26.7368362925
Boston_Celtics,-21.9028756836,2.81156603496
Britney_Spears,20.7746323855,1.97276228224
Buffalo_Bills,-14.0030082685,-12.8139679006
Carolina_Panthers,-22.1253414717,-1.24939816188
Castle,-16.4644835131,-26.7206025289
Cathay_Pacific_Airways_,23.365136205,25.9428205162
Charlotte_Bobcats,-22.17923192,-0.868517649929
Chase,-16.2129603062,-26.4647336559
Newt_Gingrich,-26.9469032582,-17.2577112301
Microsoft_Developer,-0.754288694496,-39.4550422692
Allstate_Insurance,-7.60745520453,-3.44454057211
Ball_Park_Franks,-12.2377059519,33.390737577
Brunswick_Billiards,-10.2534860361,-4.70838518426
Brunswick_Zone_Bowling,-5.18583600654,27.7925310978
Chelsea_Football_Club,25.9951191284,11.0236690861
Chicago_Bears,0.630465032668,22.6711071626
Chicago_Bulls,-1.12206930745,22.6531916559
Chris_Brown,18.4221584325,5.26625257271
Cincinnati_Bengals,-24.815195934,11.7323152093
Circuit_City,-5.28091045622,-3.75851118566
Cisco,0.82826666917,-39.8658606791
Citro_n,11.4507166474,-2.52357923654
Cleveland_Cavaliers,-20.8728161012,9.45899356742
CNN_International,-6.06032239362,-18.0726370629
CNN_iReport,-7.86361121202,-17.8148799494
Community,5.282495875,-24.9157036876
Converse,17.2712554513,-9.96659509541
Costco,-1.08426953457,11.0142824118
Cost_Plus_World_Market,-6.11399540964,19.0214734951
Craftsman,-19.2522126737,-10.4807975382
Criminal_Minds,-17.0993389327,-26.6849768188
Cristiano_Ronaldo,27.9693875642,11.4860887245
Kelly_Clarkson,22.6871199437,1.52797899155
Dallas_Mavericks,-33.7898636573,-3.38398617558
Dancing_with_the_Stars,-15.7042669788,-24.2010292106
David_Beckham,27.823688403,11.5229774964
Dell,0.768071737644,-38.1353297328
Denver_Broncos,-13.8386708004,-2.03850732036
Denver_Nuggets,-14.6308974854,-1.74302112671
Deron_Williams,-16.020598165,3.83904125017
Derrick_Rose,-1.23575154931,22.6890092451
Sarah_Palin,-27.9765414772,-16.967870575
Detroit_Lions,-11.9751177052,2.9079947479
DeVry_University,1.38905808788,20.1559897518
Dexter,3.84905624147,-25.6868302899
Dillard_s_Inc_,4.91358936168,29.4895018033
Discover,-3.06157070365,2.84999625741
Dwight_Howard,-22.083759181,6.01250272833
Dwyane_Wade,-21.0107559871,5.50604488401
EasyJet,23.2944776466,25.2226921755
eBay,-3.21061370505,0.927127467397
Facebook,1.47824180369,-37.63829499
Eminem,14.9388753789,4.93633940935
Equity_LifeStyle_Properties,-8.35461623025,-23.8564725099
Everton_Football_Club,25.6144836284,12.2206651048
FC_Barcelona,27.7934403063,10.6368090958
Federal_Signal_First_Responder_Systems,-19.1738685777,-7.32879287125
ForbesWoman,-6.93064637718,-19.83378932
Sahara_Force_India_Formula_One_Team,39.81167352,-3.1594897743
Gap,4.25372394582,27.2827386906
Get_Olympus,-0.554978064086,-37.3179923724
Glee,23.0701483495,-5.51854975413
Golden_State_Warriors,-19.529419769,2.62675013696
Google,1.50151945675,-39.5686248443
Green_Bay_Packers_Superbowl_XLV_2011,-27.2734475193,-4.93626314286
Grey_s_Anatomy,-16.5252473263,-26.4696124137
Hillshire_Farm,-11.3213606108,33.2210674016
Hilton_Garden_Inn,20.6820625721,29.7000333449
Hilton_Hotels_Resorts,22.1604169352,28.0415487151
Horace_Mann,-10.8145943761,21.4944425355
House,-15.7910916414,-26.7229022367
Houston_Rockets,-33.772424758,-3.38794008663
How_I_Met_Your_Mother,6.17245851832,-27.4103431289
IKEA_USA,-1.22506619721,11.0755429947
Indiana_Pacers,-10.6063085088,9.17993367699
ABC_7_Chicago,-0.00100549175831,20.3495886657
ESPN,-12.130101046,6.67492630585
Fox_News,-28.3530255047,-16.7624033327
Garmin,-4.29925640759,13.3957973247
John_Deere,-20.8390915758,-10.6560606423
Kraft_Foods_Recipes_and_Tips,-11.1334000387,30.7182891133
Kraft_Macaroni_Cheese,-11.3764961961,33.7126256964
Motorola,-0.364992426018,-38.5997411441
NAVTEQ,-3.32375582756,-38.4888593895
NBC,-7.67947423527,-15.9505766133
NPR,-6.00299381873,-25.1791170856
American_Family_Insurance,-8.21556535665,30.3620529366
Breakstone_s,-12.1509102833,33.003568934
Chips_Ahoy_,-1.96565149033,5.18997569585
Crystal_Light,-12.1760358246,35.2126193969
Dentyne,-1.42656097743,8.20419425914
GEICO,-3.96222542537,1.43680824849
Gevalia_Coffee,-3.97555885027,2.04329553857
Green_Black_s,-6.69900279608,16.6317441242
Green_Black_s_USA,-6.16600774319,16.8410602799
HALLS,-8.95245148806,31.494978716
JELL_O,-11.0808896039,33.3605933869
Kool_Aid,-1.04321053654,11.0071845768
Kraft_Dinner,2.48733749742,-5.31257173285
Liberty_Mutual_Insurance,-4.38747857417,-1.36067645231
Lunchables,-10.9280903108,33.5231362405
MapQuest,-5.15438588487,28.050848202
Maxwell_House,-3.90980143917,4.53062150158
Miracle_Whip,-12.2121074872,33.6391286479
Mr_Peanut,-0.0810364031876,11.4404994136
SnackWell_s,-11.976222386,31.6646747978
NAVIGON,-1.57007942119,-40.0260069478
Philadelphia_Cream_Cheese,-12.1197823822,33.5073001973
Ritz_Crackers,-11.3710895114,33.8474175175
State_Farm,-5.15373714331,28.0590367526
Stove_Top_Stuffing,-12.5459835917,35.1941722009
Telenav,-4.37720815624,28.6119516391
Toblerone,6.8941453577,2.88570666067
TomTom,-0.221288907605,-37.9208909992
TomTom_USA,-4.4292766025,7.92542334952
Trident_Chewing_Gum,19.5068408094,-7.58639546377
Triscuit,-12.6940101843,34.8337246813
USAA,-7.8582569087,1.62914965939
VELVEETA,-12.7113333431,34.5355975013
Wheat_Thins,-11.3223068023,33.8957784441
Tootsie_Rolls,-3.23339950033,1.45992883255
U_S_Cellular,-3.5674224078,-6.42645772314
LA_Lakers,-1.24102203654,-10.3790285158
Walgreens,-12.3449345385,31.0354702611
InterContinental_Hotels_Resorts,22.7508009947,26.4198753492
Jacksonville_Jaguars,-19.4698535866,-0.865534351605
jcpenney,-12.8423680737,30.4876421239
Jennifer_Lopez,21.1520558351,3.04072163572
Jersey_Shore,6.49521668118,13.4997295165
Memphis_Grizzlies,-20.6413297559,4.56580087571
Jimmy_Dean_Sausage,-12.3904631344,33.6787232783
Brooklyn_Nets,-17.7698513578,4.82884618194
Jordan,-18.9998311426,5.97170414389
Justin_Bieber,25.247810595,-2.60695288185
New_York_Knicks,-16.5588180854,6.17455239327
Oklahoma_City_Thunder,-19.5629350841,4.27724342029
Utah_Jazz,-15.8362838022,3.70006560639
Katy_Perry,23.5604018491,-0.19212535108
Keeping_Up_With_The_Kardashians_on_E_,6.31669201316,13.859287818
Keller_Graduate_School_of_Management,1.40197910992,20.0574032676
Kellogg_School_of_Management,-15.5020410194,-16.6405100501
Kenmore,-2.94763580329,2.1416631151
Kevin_Durant,-19.4228703249,4.48886045192
Axe_Angels_club,43.5825389393,-2.11564448877
Kevin_Garnett,-21.7676056345,2.95245719061
Kmart,-11.4418662213,35.9395578294
Kobe_Bryant,-1.35583146086,-10.0391767931
Kodak,-3.86723391348,1.21264849348
Kohl_s,-12.8862660009,29.0137099285
Korean_Air_,23.103230723,26.347100333
BlackBerry_India,42.0105609288,-2.58449206334
Lady_Gaga,22.4324962154,-0.204608958758
flipkart_com,41.7859028816,-2.3933756729
Kingfisher,43.2833200271,-2.89881183431
Mumbai_Indians,42.7645169549,-1.97155307489
Lands_End,-10.2328866039,23.1900364191
Last_Call_by_Neiman_Marcus,5.7746721234,29.9807855734
Le_Cordon_Bleu,-5.19215979671,1.34808942098
Leica_Camera,-2.80884701945,-37.7638140645
Lil_Wayne,13.1696696686,4.73301871306
Pizza_Hut_Celebrations,42.6563570509,-2.78875291778
Liverpool_FC,25.9630902572,10.8201781643
Tata_Docomo,43.2757517989,-2.65922734327
Vodafone_Zoozoos,42.7930479011,-1.85291588204
Lowe_s_Home_Improvement,-9.71143849357,29.4920876227
Lufthansa,24.1307689752,25.9612637522
Mad_Men,1.16153202841,-23.6517356667
Manchester_United,26.2398529716,10.8712330812
Sony,8.1496060716,-33.4895370355
Master_Lock,-4.64774606148,3.41811868676
MERCEDES_AMG_PETRONAS,11.6783686577,-2.47951429488
Miami_Dolphins,-18.3538334211,-1.04782069552
Microsoft,-0.231982953499,-40.8053574227
Milwaukee_Bucks,-27.527550021,-3.60139048639
Minnesota_Timberwolves,-27.4683444165,-3.42577026667
Minnesota_Vikings,-27.8089417578,-4.791002616
MIT_Sloan_School_of_Management,-13.9329640006,-16.3741368176
Modern_Family,-15.1747028233,-27.2942327764
Moen,-4.42627560991,3.04890155719
Mrs_Dash,-13.5751896544,33.5766932141
Nabisco_Cookies,-12.3664798236,34.8981012159
Navistar_International_Corporation,-3.43937357158,-28.0489479778
NCIS,-17.6048674905,-27.0984774019
New_Balance,-7.75238942755,1.7809778235
Newcastle_United,25.9145139646,12.3570786923
New_England_Patriots,5.87343036268,0.540939390737
New_Orleans_Hornets,-20.5235310562,4.41323531266
New_York_Giants,-15.446370713,6.74318999173
New_York_Jets,-15.4477884395,6.74490416256
Nike,22.1542520163,4.8024402968
Nikon,-2.43716160832,-38.0845063575
Nordstrom,6.94751674613,29.0841765705
OfficeMax,-1.55726587845,7.3153638921
St_Louis_Rams,-7.95408641609,9.91828813803
Tennessee_Titans,-28.1868300295,0.714285750428
Old_Navy,-12.91388583,25.1731385663
Omni_Hotels,3.80838782455,6.10804236284
Oreo,19.0618148011,-9.12342775856
Orlando_Magic,-22.1246315053,5.92488276619
Oscar_Mayer,-12.3341000068,34.7901701335
Overstock_com,-5.1169188503,28.3427748161
Panasonic,0.0231509736887,-38.0500611167
Paramore,18.3022907163,-17.5271467284
PENTAX,-2.41608642479,-38.0279500277
Philadelphia_76ers,-14.8881694866,14.5629391956
Philadelphia_Eagles,-15.1803184453,14.6505963504
Phoenix_Suns,-17.2890736924,3.38662566221
The_Pittsburgh_Steelers,-15.8792305558,12.2229563841
Portland_Trail_Blazers,-19.3846329907,3.24288386407
Qantas,23.2181571546,25.8271907162
Qatar_Airways,23.2026136995,24.7867137196
Real_Madrid_C_F_,27.8475099087,10.6963868312
Red_Bull,12.2354680397,-1.28151152972
Red_Bull_Racing,11.7965554938,-2.4946705936
Reynolds_Wrap,-12.7911004142,33.5411868961
Rihanna,19.240034504,4.78182263336
Rue_La_La,5.28457590877,29.7597426199
Sacramento_Kings,-19.5647965887,2.80966716141
Saks_Fifth_Avenue,7.88893968683,28.7321049963
Sam_s_Club,-0.0199493473411,11.4772759593
San_Diego_Chargers,0.87502338811,-13.6831964094
San_Francisco_49ers,-0.172664806403,-14.1189059663
Sara_Lee_Desserts,-12.2984281107,35.2714376762
SAS,23.3148302712,25.5327358554
Sears,-8.16844531064,30.4437296958
Seattle_Seahawks,3.35774609871,9.42122037858
Shakira,25.4106356468,4.0175050126
Singapore_Airlines,23.1930647017,25.3976458421
Sony_Electronics,0.608338420677,-37.0495951783
Southwest_Airlines,22.0667809012,29.2221955202
Sports_Authority,-10.6377143192,5.92309550381
Staples,-3.85647027555,0.826120688611
Steve_Nash,-17.7118349076,3.96735374816
St_Ives,-1.23473441044,8.49822963977
Tampa_Bay_Buccaneers,-18.5232434699,-1.06996655083
Target,-12.6711302768,28.4683943218
Taylor_Swift,24.4526699198,-1.50397743861
The_Bachelor,-16.1650421236,-24.1667271619
The_Boeing_Store,22.7543471885,27.8063271421
The_Cape,-2.57616485586,-3.25085645368
The_Container_Store,-7.5351932941,19.4937241282
The_Detroit_Pistons,-11.9051139036,2.84691799407
The_Fuqua_School_of_Business,-14.6803651005,-16.3205500407
The_Game,14.6304122426,10.5929370608
The_Home_Depot,0.198448326183,11.8169839493
The_Kansas_City_Chiefs,-7.96760540193,9.91948997787
The_North_Face,-12.5351529294,-5.79189768485
The_Oakland_Raiders,0.369956282761,-12.7665179352
The_Ross_School_of_Business,-14.736911097,-16.316623979
San_Antonio_Spurs,-33.7776047928,-3.38248479337
The_Wharton_School,-13.3136444504,-16.3493808056
PBS,-5.87165018492,-24.8080986141
Top_Gear,12.6401528344,-2.72999446669
Tottenham_Hotspur,25.890614353,12.2093130062
Toys_R_Us,-16.8633860158,23.4215696024
TRESemme,-10.8756619512,32.7481073593
True_Blood,3.37358357236,-26.2058557487
ULTA_Beauty,4.8466400101,30.0237493156
University_of_Chicago_Booth_School_of_Business,-13.2230331292,-16.6952486803
US_Airways,22.0593282062,28.2978541224
Usher,18.8696401663,5.02702459387
Dallas_Cowboys,-35.1743679225,-3.05806464775
VOA_Middle_East_Voices,-6.51692159032,-18.2662135109
Vodafone_McLaren_Mercedes_The_Official_Page,11.7606700769,-2.40291495684
V,-2.50876625324,-3.08128624249
Walmart,-10.9081350846,36.0010840821
Washington_Redskins,-12.4894444622,11.7149676248
Washington_Wizards,-12.0775284765,11.140186644
Weeds,3.95906441457,-25.3265949076
W_Hotels_Worldwide,21.4590300098,26.859429403
WRC,11.8158307407,-2.59378066046
Yahoo_,-3.26634897928,0.780383128158
_Yao_Ming,-20.5109060557,4.13836329624
Aaliyah_Haughton,12.7329715538,9.51442468419
C28_Christian_Clothing,-27.4831019821,21.1655266971
Aamir_Khan,42.2942577486,-1.63139490895
Aaron_Watson,-37.0116905514,-3.12729997843
Cabela_s,-24.1115170771,-10.9200008411
Abby_s_Legendary_Pizza,-5.37322731295,1.97207211106
ABC11_WTVD_Eyewitness_News_Raleigh_Durham_Fayetteville,-8.53608491696,-15.689105028
Caboodles,-13.5584090058,20.7745780591
Cadillac,-17.4118475989,-9.75127058307
Caesars_Palace,21.9268774267,28.6639754728
ABC30_Action_News,1.80275221015,-12.0003691382
Cafe_Brazil,-35.5646298426,-4.78108237294
CafeMom,-16.1201930859,23.502006831
Cage_The_Elephant,12.0368645507,-20.2822594662
Cake_Boss,4.00208646729,13.8546369673
Cake_music,4.55104206764,-23.0947387708
California_Academy_of_Sciences,-4.19364455157,-23.2112860994
California_Baby,-15.2195003483,24.7326833219
Californication,4.01983360088,-25.2114956817
ABC_33_40,-28.874945579,4.70788090494
Cali_Swag_District,13.0194144738,5.82983154876
Callaway_Golf,-9.86835484657,4.72843103176
CALLED_Magazine,-27.9890665964,21.5381945773
Call_of_Duty_World_at_War,11.7607541181,-29.6370285378
Calorie_Count,-5.68199934007,16.3076707017
CamiCakes,10.7770447049,11.8526039909
Camping_Survival,-24.8116041403,-13.9755097729
ABC_7_Eyewitness_News_WBBJ,-29.0797609172,2.20663046709
Cam_Newton_For_Heisman,-27.996510626,4.81208347696
Camila_M_xico,33.7761273184,8.77644599471
ABC_Family,21.3926412759,-6.99099000907
ABC_Family_s_25_Days_of_Christmas,-3.44819693115,0.956976907988
Nightline,-8.21639005966,-17.4500940235
ABC_News,-8.49103981517,-17.6580530656
Candace_Cameron_Bure,-25.6404982883,20.4860632467
Candace_Parker,-20.2686992841,6.21490956238
Canobie_Lake_Park,4.73782930126,-0.661136686592
CAPCOM,10.6172497147,-31.4773466729
Capitalism,-26.6899290578,-17.7608406628
Abercrombie_Fitch,6.40226273819,25.6179906484
Above_Beyond,15.3422693998,0.953038192864
Academy_Sports_Outdoors,-34.7104610307,-2.11744199273
Access_Hollywood,-7.72308676267,-15.0083401013
Caprica,4.52924653861,-24.2333562712
Captain_America,10.0286864811,-27.9706664649
Captain_C_B_Sully_Sullenberger,-23.2214068164,-16.3382575294
Captain_Jack_Sparrow,19.7299959491,-3.57500083475
Captain_Paul_Watson,-8.60697052648,-11.0485502784
AC_DC,11.1995005352,-15.9984014935
Ace_Hardware,-4.02292075716,2.39475695525
Captain_Planet,1.119818817,-3.68709901295
ACN,1.97863955251,0.430982091668
A_Comic_Shop,8.56330462461,-27.215316966
CareerBuilder,-7.57800062857,-14.4371317927
Carhartt,-22.37671452,-10.7594542819
6abc_Action_News,-16.1257241986,15.2955924238
Caribou_Coffee,-26.4173228569,-5.20597936576
Carl_Azuz_CNN_Student_News_Official,19.7364961644,-7.98393113322
Carlos_Alberto_Tevez,29.0643687101,10.8459469927
Carlos_Santana,8.31836311953,-14.7965488454
Carl_Paladino,-26.5375510127,-17.3059955911
Carl_s_Jr_,2.42865642771,-12.0315656728
Active_com,-3.81183286458,14.454584173
Carmelo_Anthony,-18.6750115519,5.24727508176
Carmen_Electra,22.2967338692,3.17347736555
Carmex,-9.0541237408,31.5466543292
Carmine_s,-3.50475381632,-1.16401147026
Carnegie_Hall,-3.83116596639,-22.0840364777
Carnifex,15.2894594669,-20.0566511615
Carnival_Cruise_Lines,22.106521679,28.9171427886
Acuvue,21.9341877883,-8.41030727161
Adamari_Lopez,34.3672907666,10.2850259383
Carole_King,-3.68568141847,-21.7418646472
Carolina_Girl_Apparel,-27.7455848246,3.26053280817
Carolina_Hurricanes,-21.6756720128,-1.53029892549
Adam_Carolla,4.6225812105,-23.6846837798
Adam_West,-1.61264658809,-3.88973279197
A_Day_To_Remember,16.5835013314,-20.4882206303
Adele,22.9106578732,2.53808218741
Carol_s_Daughter,14.7381261152,12.9850523588
Adobe_After_Effects,-2.00242264037,-39.674321542
Adobe_Flash,-1.52253751643,-39.683933986
Carowinds_Amusement_Park,-9.85953266219,-0.980830970719
Adobe_Illustrator,-2.08014281345,-39.6236713655
Carrabba_s_Italian_Grill,-7.88537794513,-0.0244576039715
Carrie_Underwood,-18.3844381831,-23.4084741573
Adobe_Photoshop_Lightroom,-2.44315767535,-39.271583528
Cars,17.9230082031,-5.46202599514
Carson_Dellosa_Publishing_Company,-11.3316057449,21.632253867
Adobe_Photoshop,-2.43496040288,-39.6004028634
Car_Talk,-2.34418602731,-23.7398538502
Carter_s,-16.2310393028,24.0990213369
A_Dog_s_Purpose,-10.3428855938,-10.2378333956
Cartoon_Network,18.9000929023,-11.8932010367
Carytown,-3.55817385109,-20.4346337983
Adult_Swim,7.40759082313,-26.2299071801
Cascadian_Farm,-7.7938489594,18.3684601456
Adventure_Aquarium,-16.8147978382,15.4547150139
Cash_Cab,-3.57913398487,0.278004632132
Casting_Crowns,-27.5358514597,22.5079936126
Adventure_Suites,4.64840142569,-0.66564501163
Adventure_Time,18.5515983216,-12.2108148055
AdvoCare,-6.10067703401,14.2320959062
Cataloochee_Ski_Area,-26.5759582278,2.82483814446
Catherine_Coulter,-17.3276140605,-25.1334646393
Catherines_Plus_Sizes,-2.62308772014,6.14298319862
Aerie,5.52183553089,27.4255231854
Aerosmith,10.0099888506,-14.7068612567
Cato_Fashions,-4.05183077745,4.73063741767
Cavo,10.107642007,-14.5372395944
CBS_Philly,-16.159038545,15.2855435466
A_E_Television_Network,-8.41080970028,-8.46608898864
AFFLICTION,5.91300543093,-9.45449661801
CBS_Denver,-13.3912825184,-1.95578061083
AFI,17.0349819527,-19.1811712774
A_Fine_Frenzy,6.70992140801,-22.7628403857
Aflac_Duck,-5.09906151713,-0.327264300236
CBS_News,-8.41751323076,-17.7758275315
Aiden,17.0630709187,-19.7930772399
AIM,18.8339016883,-8.10417067281
Ainsley_Earhardt,-26.3267231974,-17.1103196329
Aion,10.2572290969,-32.3657440221
Airsoft_GI,14.485011431,-33.1338231101
Airsoft,14.4749632028,-33.1344441168
AirSplat,14.4951963333,-33.1360633396
AJ_Rafael,24.730440487,-12.8148810382
AKIRA_Chicago,2.31911489489,28.4419345894
Cebu_Pacific_Air_Fare_Promos,20.6684437769,20.9246715195
AKON,26.1367194487,3.49339191
Cedar_Point,-20.7227811927,11.5613076114
Akoo,21.6340646655,-8.20078373915
Akron_Zoo,-20.3905172787,12.0826259243
CeeLo_Green,2.57368128795,1.72556949749
Celebration_Cinema,-10.5080739151,2.45502068295
Alabama_Crimson_Tide_BCS_Bowl_Game_Information,-29.433641123,5.52070000817
Alabama_Crimson_Tide,-29.2955332096,5.37770742666
Alabama_Football_on_SDS,-29.2241328715,5.32933536872
Alabama_Gulf_Coast,-28.8431331226,4.65528822197
Celebrity_Rehab_with_Dr_Drew,5.14624337585,14.919181538
Celine_Dion,21.9719345584,22.831094314
Celtic_Woman_North_American_Tour,-4.64237728515,5.98158952435
Central_Casting_Los_Angeles,1.34887140524,-10.2391971586
CentricTV,13.0527870403,12.0125391812
Alanis_Morissette,2.224892436,-6.41802364661
Alan_Jackson,-19.7919328497,-23.2865327664
Alan_Wake,10.4328461077,-31.5425065266
Certifiably_Jonathan,-3.64385087967,-20.7910445294
Alberto_Pujols,-7.57420486112,9.94971304751
Cesar_Millan,-10.8751028891,-10.817910835
ALDO_Shoes,7.81937827489,29.834372825
Alejandro_Fern_ndez,33.9564382063,9.48426422242
Alesana,16.8572759687,-20.2730135775
Alessandra_Ambrosio,20.6342858183,3.53328824163
Alex_Campos,34.9093691572,8.90830804274
Chacos,-11.8778701216,-5.29000632436
Chad_Ochocinco,-25.7546288406,11.5815684761
Alex_Evans,19.7591917429,-18.9290256951
Alex_Jones,-23.4595143574,-18.4763658036
Chaka_Khan,12.6765655271,12.2859957859
Chalene_Johnson,-3.94136994108,14.5336040015
FLY_MOBILE,42.2716251197,-3.61010067278
Micromax_Mobile,42.0769217867,-3.22815977113
Samsung_Mobile_India,42.1413059154,-3.05947350792
Champion,-13.2382883216,8.44900994637
Champs_Sports,-18.6988448083,6.15926918239
Channel_955,-10.5383605813,2.44322140986
Alice_in_Chains,10.2812253022,-16.8664051588
Alice_in_Wonderland,21.8888373255,-7.04361446517
Alicia_Keys,18.4830941194,5.42095687272
Ali_Fedotowsky,-16.2058362885,-24.1380957762
Alison_Sweeney,-17.4546677328,-24.3869071222
Channel_One_News,20.6964273146,-9.23439928063
Al_Jazeera_Channel_,26.27785647,15.4433023254
Channel_v_India,43.2166143698,-2.26318939371
Al_Jazeera_English,-5.77718408527,-18.4035233916
Channing_Tatum_Unwrapped,22.7200416647,2.03314292132
Allegiant,21.6615976334,28.7344281812
Allen_Iverson,-20.0765981736,5.91421764136
Allen_Theatres,-6.60031955339,1.12856399877
Chappelle_s_Show,9.08929102799,4.77918397652
ChapStick,0.0911657930306,-1.05551855879
Charles_Krauthammer,-26.6999768293,-17.749564554
Charleston,-9.54693097827,-0.531182491861
Allen_West,-26.8950268903,-17.2126740542
CharlesTrippy,22.1781746485,-13.3753947656
AllFacebook_com,-0.410870050599,-37.7180073224
Charlie_Baker,-27.014867707,-18.552713303
Charlie_Hunnam,-7.12765467728,-7.72732928511
Charlie_Murphy,11.9461425865,9.52836057356
Charlie_St_Cloud,22.9260937305,-8.45301565368
Charlie_Wilson_Music,13.5917654884,11.5514397009
Charlotte_Checkers_Hockey_Club,-21.6702945267,-1.55000571613
All_My_Children,-15.3496454436,-24.1830069109
Charlotte_Motor_Speedway,-19.9368696206,-6.33022133664
Charlotte_Russe,5.26583151443,30.4762638604
AllPosters_com,19.8723097083,-6.67157984282
Charming_Charlie,1.15229584543,5.6667295435
CHAYANNE,34.2437178643,9.35671548949
Allstar_Weekend,25.2506578527,-9.46963463018
Cheaper_Than_Dirt,-25.0971358518,-14.2253833942
Cheap_Trick,9.17474047912,-14.8427253874
Cheech_Chong,9.22879217586,-14.8855048671
Cheerios,-11.9166085645,35.4061819043
All_That_Remains,14.6799044212,-19.4810027266
Cheez_It,-10.2477963467,34.4157226738
All_Time_Low,18.8462008101,-19.5068263982
Chef_G_Garvin,13.231220293,12.6426752556
Chelsea_FC,25.699599121,12.1020795159
All_Travel,20.6213424844,28.2743479806
All_You_magazine,-10.6386996759,29.8809636482
Chelsea_Grin,15.8309100813,-20.3258452582
AL_ROJO_VIVO,34.0194134448,10.2769601406
Chelsea_Handler,5.29547059652,16.372297637
Chelsea_Lately,5.43538002545,15.8719750833
Alter_Bridge,11.583866266,-16.8185506374
Chelsea_s_Beads,-17.1628840343,9.43693262357
Alternative_Press,17.8578622836,-20.4398572812
Chess,6.90722601676,3.17236384973
Chevrolet,-17.6818090365,-10.0926586768
Chevrolet_Volt,-17.1344311184,-9.85764020167
Chevy_Camaro,-17.8431584904,-9.97853779556
Chevy_Silverado,-18.7111164857,-10.673200689
Chex_Mix,-10.8481585906,34.060567767
Cheyenne_Frontier_Days_,-20.1826755358,-12.3102989524
Cheyenne_Mountain_Zoo,-11.7874222469,-0.703554060376
Chicago_Blackhawks,0.681819122647,22.3564493711
Alvin_Ailey_American_Dance_Theater,11.7053471315,12.4645599912
Chicago_Botanic_Garden,0.37339502664,20.0072393339
Aly_AJ,23.5688921037,-1.64917233076
Amar_e_Stoudemire,-17.8071035044,4.46661179432
Chicago_Fire,0.29589925313,21.5911522985
Amazon_MP3,-1.67635832454,-3.97270795533
AMC_Theatres,-2.42154491671,0.202075777967
American_Apparel,-0.582346676152,-3.60750574959
Chicago_s_Best_TV,0.878693815062,21.4039946017
American_Ballet_Theatre,-3.76365716134,-20.4550204517
American_Chopper,-19.2971805558,-9.28629999993
American_Dad,10.2581743929,-27.8046784557
American_Eagle_Outfitters,20.242213937,-8.38452397158
Chick_fil_A,-26.0277614576,4.02373851843
American_Idiot_The_Musical,16.8573910568,-17.0435129445
American_Military,-23.3322527996,-16.2785383699
Chief_Illiniwek,1.6730864996,22.5927385872
American_Music_Awards,23.0125555909,1.59704379324
American_Nitro,-18.7551506503,-10.4266171236
Children_s_Hospital_of_Philadelphia,-16.5494743162,15.2199728052
Chili_s_Grill_Bar,-8.74392293574,29.7856736368
ChillClock,-4.41202373622,7.95288326788
Chiodos,17.4146411753,-20.5811869022
Chip_Coffey_Psychic_and_Medium,-10.4011707027,-10.66046976
Chipotle_Mexican_Grill,-10.5045245035,0.538278074747
CHIQ,6.88831446555,32.1895516668
American_Pickers_on_History,-21.7020923273,-12.071402404
American_Quarter_Horse_Association,-12.3145031676,-9.73516288058
Chivas_Oficial,31.7663126014,8.95192303812
America_s_Most_Wanted,-7.60549210519,-14.55370029
America_s_Next_Top_Model,21.6405355215,1.62992766358
AMF_Bowling_Centers_Inc_,-3.6174990392,0.825215655862
CVS,-12.0297925066,31.2493891251
Amoeba,5.55322130659,-19.7455857648
Chopra_Center,-8.78256512212,15.3857456052
Chowder,19.6099112133,-10.593477596
Chrisette_Michele,13.8033254745,11.7654012923
Chris_Henry,-25.0599464131,11.5170222443
Chris_Jericho_WWE_Universe,-0.329889745272,-5.61500787482
Christiane_Amanpour,-7.06518945068,-18.2767849682
Christian_Louboutin,10.8647218222,28.103640417
Christian_Siriano,5.22765291564,15.0277678759
Christina_Aguilera,21.3916294565,2.19212093963
Christina_Grimmie,24.3654447411,-10.804250503
Christina_Perri,22.0693114639,-3.52858065324
Christi_Paul_HLN,-8.18735575392,-16.3871600447
Chris_Tomlin,-27.3201142986,21.112131818
Christopher_Hitchens,-5.96138227293,-22.5753349087
Christopher_Moore,3.53683666778,-23.3618622687
Amos_Lee,2.92886300425,-22.3769226744
AMP_Energy,-19.7004066522,-6.58102878906
Chris_Young,-19.9311686449,-23.2734201994
Amr_Khaled,26.454958517,15.5923168901
Chronicles_of_Narnia,20.1469792021,-4.63323918496
Chrysler,-17.8364860923,-9.44488175356
Chuck_Liddell,5.88159422628,-9.43307494975
Chuck_Swindoll,-26.8778401639,21.7077774464
Chuggaaconroy,12.0452463287,-31.8095016894
Chuggington,-14.5579098341,23.0215005769
Chunky_s_Cinema_Pub,5.34812632421,-0.328468369425
Chuy_Bravo,5.33903041596,15.4004417129
Amtrak,3.86286325124,6.13621326653
GoDaddy_com,-18.2195487664,-6.92099497823
Amway_US,-4.91332019994,5.47606924164
CiCi_s_Pizza,-0.60065509218,3.67117392013
Cigars_International,-22.7123627382,-15.4529108934
Amy_Grant,-26.1256219408,20.8321342466
Cincinnati_Cyclones,-24.6274943005,11.4957026172
Amy_Lee,11.6117948588,-13.8412080678
Anaheim_Ducks,-0.244790677536,-13.4462951467
Cincinnati_Rollergirls,-24.4335935179,11.497522272
Cincinnati_Zoo_Botanical_Garden,-24.3939577822,11.6047314392
Cinderella,19.9976442357,-6.22946806095
Cinnabon,-2.46656005605,2.03008766637
Anarbor,18.5743469385,-19.9927692859
Circa_Survive,17.4140334525,-21.8996471087
Ancestry_com,-5.54889859744,17.021541159
Cirque_du_Soleil,2.92000345733,3.48162712524
City_Museum_St_Louis_MO,-7.25317133406,8.42536557879
City_of_Heroes,9.79758485677,-28.1906196362
Andre_Ethier,1.08569327301,-12.6257191986
Andres_Iniesta,29.5108711101,10.4058380009
CityPASS,-3.05045507196,1.58086431869
Andrew_Jenks,4.40800577468,-3.46317918903
Andrew_Weil_M_D_,-8.7267631792,15.7216060109
Claim_Jumper_Restaurants,1.96693850516,-10.3799321654
Claire_s,22.6863668405,-8.76884833849
Andrew_W_K_,12.1101420442,-20.4784580795
Android_Central,-0.560946692797,-39.1544770341
Clarisonic,4.74148518349,29.8720276343
Claritin,-1.24886670235,-1.10947162625
Clark_Griswold,-8.35091772921,-3.24881257331
Clark_Howard,-5.106864177,-1.52036131416
Clay_Matthews_III,-27.4900823187,-4.84698775704
Clay_Walker,-20.1525029634,-23.2719972075
Clean_Clear,21.9528580067,-8.49949424751
Clean_House,-2.18741702876,3.9792736134
Cleveland_Metroparks,-20.5530268687,12.0314123487
Andy_Cohen,6.43385572116,16.9298543909
Cleveland_Metroparks_Zoo,-20.6062493806,11.9847336957
Angel_Locsin,20.4412311151,20.7937711452
Cleveland_Museum_of_Art,-20.3184834975,12.2398643615
Gain,-11.7544801088,31.3997954904
Cliff_Lee,-15.2342669755,14.7243705559
Gabriel_Iglesias,3.99471588578,-11.4616532229
Clint_Dempsey,23.6116118212,12.4154423898
Clorox_Clean_Up,-1.63972312061,6.80742739482
Clorox,-11.4477949933,33.2331170931
Angels_and_Airwaves,16.935136552,-19.1894825032
Cloud_the_Stallion,-10.9239027914,-9.6999711693
Angry_Video_Game_Nerd,10.5196561158,-31.4210833144
Ani_DiFranco,3.06055670382,-22.7089226385
A_Nightmare_on_Elm_Street,1.36773896355,-5.13685253302
Animal_Planet,-9.32156648706,-9.82690417803
Club_Alianza_Lima,32.1987245733,9.0308553906
GAC_Great_American_Country,-19.8535887155,-23.239689153
Anita_Renfroe,-25.1792500042,21.9075198012
Gaia_Online,19.092077357,-12.7274523684
Anjelah_Johnson,2.1271535601,-10.3404915859
Club_America,31.9822237751,9.23802204766
Annapolis_Maryland,-13.0067660924,10.0101585389
GameFly,10.3171395409,-30.2376493823
Game_Informer,10.6647922112,-31.1604426099
Anne_Rice,-8.12563517872,-12.0004000353
Club_Am_rica,32.2289763513,9.35322481686
Gameloft,7.92849703613,-33.4345753579
Games_com,-4.59916452424,2.03792215692
Annie_Lennox,-3.77675505176,-22.1818515224
GameSpot,10.1218546306,-32.2474334631
Club_Med_Official,-3.32679721796,3.62801388418
Annie_s_Homegrown,-8.65957494585,18.2233932708
Ann_Taylor,5.52109262762,29.4123377249
Anthony_Bourdain_No_Reservations,1.30535130632,-23.5647527117
GameStop,13.8862780301,-30.6255435484
C_Mon_Man_,-12.2568990561,8.98479122171
CNBC,-9.31840506934,-17.2481226643
Anthony_Green,17.4477445012,-21.7663024789
Anthony_Robbins,-3.15525632566,-14.3585528128
Gander_Mountain,-24.3180423618,-11.070496597
Garden_Of_Life,-7.61232293761,17.8198565187
CNN_Black_in_America,12.226184318,13.1045958137
Anthrax,10.7617333108,-16.7663555303
CNN_en_Espa_ol,34.5806387875,11.2068220466
Anthropologie,3.64442754429,28.9109250111
Garfield,19.6728093667,-5.05622129167
Anti_Monkey_Butt_Powder,-4.38934537239,8.03732312026
Antiques_Roadshow,-2.30724983444,-20.722335013
Antoine_Dodson,2.19286478345,1.67995299877
Garnier_Fructis,-10.4013557323,32.789325044
AOL_News,-7.90708762984,-16.5113393113
Gary_Allan,-19.9832481805,-23.2678579478
Gary_L_Bauer,-27.4348319731,-16.7863249984
Gary_Vaynerchuk,-3.30023855656,-14.692602703
CNN_Heroes,-7.83897237196,-17.1658547874
GASLAND,-6.05405766921,-22.9582156936
CNN,-7.9130885261,-18.0748647889
Gathering_Of_The_Vibes,2.17457519496,-20.5129690531
Gatlinburg_Tennessee,-29.2782914789,2.24547620092
Gatorade,14.0081304725,-7.01789853054
Gatorland_Orlando,-8.69297472515,-0.948555589284
Gavin_Newsom,-7.82736539049,-23.6946432979
Gay_People,18.9291819441,-7.85339419873
General_Colin_L_Powell,-6.9967356367,-20.0453498175
General_Hospital,-15.3591203394,-24.2413264979
Coachella,5.64439710972,-19.866729563
Coach,7.01318897071,30.2497039531
Coastal_com,-11.6346685724,28.9616793236
General_Motors,-17.712436841,-10.1656706149
Cobra_Starship,18.9670028085,-18.932678023
Gene_Simmons_Family_Jewels_on_A_E,-6.46923625344,-6.4409859484
Genesis,-1.16714286406,-5.18846461551
Genghis_Grill,-6.86276926652,-1.45409318411
Gentleman_s_Emporium,-3.7237474048,-21.6378949289
Genworth_Celebrates,-4.22877942316,4.89905536089
Code_Lyoko,19.2455081488,-12.2111350296
George_Foreman_Cooking,-2.69355435559,1.49379285995
George_Lopez,3.72197109148,-11.4976566733
Aperture_Science,10.2152479958,-31.9450196998
Coffee_For_Less,-5.07779283199,28.4615028298
Coffee_mate,-10.2420325283,29.899601462
Apocalyptica,12.0792866414,-16.3927318674
Coffey_Anderson,-27.3737301687,21.1570396694
George_Rodrigue,-7.41481780707,-7.2019594139
Coheed_and_Cambria,12.7999721648,-20.6005712162
Apolo_Anton_Ohno,-2.86828137655,0.053501862191
Georges_St_Pierre,6.02894234825,-9.47656337521
Applebee_s,-0.522405448367,11.2146699409
Coldplay,19.3463660415,0.574110749545
ApplevsGoogle,0.569897834208,-36.5377475756
George_Strait,-19.8226113829,-23.3349197159
Applique_Cafe,-30.0569456893,6.15314135267
Georgetown_Cupcake,-13.3769068827,22.7180711038
Cold_Stone_Creamery,-0.933487479653,3.26280139274
App_Store,-0.0901409230088,-37.3848968576
Coldwater_Creek,-7.72474978335,20.8956152126
Aquarius_Horoscope_by_DailyHoroscopes_net,-1.17640211949,1.16343499261
Georgia_Aquarium,-26.2898219654,2.25518206392
ESPN_Home_Court,-12.4310566808,7.39536619603
Arbonne,-5.64330466613,16.0854887152
Arby_s,-10.9934584406,35.1014441226
Georgia_Tech_Football,-27.0023117002,4.60569975256
Gerber_Childrenswear,-10.7089778168,28.7282362245
Arcade_Fire,6.05543837386,-22.0944006829
College_GameDay,-12.3768029644,6.87193648594
Gerber,-16.3449777611,23.5303610299
Archiver_s,-10.4375053326,21.2100486296
ArcLight_Cinemas,5.49913610996,-19.4431156461
CollegeHumor,9.21246921914,-31.087024762
Aretha_Franklin,11.3830469211,12.0320770852
Get_Real_Wise_Women_Speak,-4.27047643557,-21.9068345014
Ariana_Grande,23.6090968993,-8.91881130926
Ghirardelli_Chocolate_Company,-1.66369541445,6.75337312257
Ghost_Adventures,-10.5747275603,-10.5611817132
COLLEGE_LACROSSE_THE_VIDEO_GAME,9.2708220183,-5.8517581588
Arianna_Huffington,-6.24310133512,-22.6532488257
Collie_Buddz,10.930735153,5.48292445351
Arianny_Celeste,5.70060630687,-9.3431604832
Ghostface_Killah,10.2082635413,6.86132463034
Ghost_Hunters,-10.5537061047,-10.4740267566
Colonial_Williamsburg,-5.89254390722,17.9298986357
Ghost_Whisperer,-16.5783494225,-26.4733570611
Giada_De_Laurentiis,-2.44080303985,3.56253600153
Colorado_Avalanche,-13.8711027499,-2.06860548596
Giant_Eagle,-18.252197298,13.142549689
Giant_George,-9.38350036012,-9.70078106578
Colorado_Mammoth,-13.6215135169,-2.00240244613
Visit_Colorado,-13.5261298044,-2.02166329035
Gibson,10.500027828,-16.6961971665
ARIA_Resort_Casino,22.1031946676,28.6163007373
Colt_McCoy,-35.4076363324,-3.75398969611
Columbia_SC,-9.12100425963,-0.531443971469
Aries_Horoscope_by_DailyHoroscopes_net,-0.0890853593881,0.111605159079
Arizona_Iced_Tea,14.2275315313,-8.48272747703
Arkansas_Game_and_Fish_Commission,-23.5978043688,-10.2847349195
Gibson_Les_Paul,10.6767944302,-16.5878909529
Columbia_Sportswear,-11.6367502579,-5.23131185226
Columbus_Metropolitan_Library,-10.4819393766,0.747149783362
Arkansas_Razorbacks,-34.4437307102,-1.69870035017
Gift_of_Life_Michigan,-9.41094291341,2.61359518424
Gilberto_Sta_Rosa,34.3915168347,10.0469880732
Armin_van_Buuren,15.7290409785,1.19355317954
Combos,-4.27376587811,0.527364654976
Comedy_Central,9.98326323491,-27.713679826
Gillette,-5.22114302473,-0.411145344216
Gillette_Venus,-8.65760404726,30.803605934
Gilly_Hicks,6.32165887932,25.769841029
Gilt_Groupe,6.66826520783,29.4953888721
Command_Conquer,9.6832646256,-33.2333438845
Common,14.0733904247,9.7644855056
Girlfriends,14.0034271993,11.0883765425
Armor_All,-19.4988835785,-6.71008812117
ARMSTRONG_FLAG_COMPANY,-26.0009161367,-16.7423799668
Army_OneSource,-5.75954813203,3.0981742498
Community_Coffee,-5.12068643315,26.9147879221
Giuliana_Bill,5.18107605034,14.9918917839
Gizmodo,-0.463643665644,-40.2823680498
Como_Park_Zoo_Conservatory,-26.4919717776,-5.24929654803
Arnold_Oroweat_Sandwich_Thins,-1.43133318194,7.91773287612
Arnold_Schwarzenegger,-20.0856857748,-16.2534905117
COMP_Cams,-18.4944338922,-10.4732866419
BBC_World_News,-5.75498317877,-18.3572089996
Glacier_National_Park,-11.6570063054,-5.25244284768
A_ropostale,21.5094123618,-9.65790181127
Glad_to_Give,-3.43122280473,2.50707940499
A_R_Rahman,41.4442813412,-1.43625013343
Glamour,6.66605041678,30.3511825371
Conan_O_Brien_Presents_Team_Coco,4.76612375223,-23.7416853307
Arrow_Fastener,-5.02152774741,28.8252778196
Artbeads_com,-17.1623321714,9.46640834728
Coney_Island,-3.31129474816,-0.995949494093
Artexpo_New_York,-4.25266005079,-22.3054112353
U_S_Representative_John_Fleming,-26.656218437,-17.2161361724
Glamour_Shots,2.08651016369,3.25479457018
Arthur,18.9147183524,-6.23722262296
Artist_vs_Poet,18.6419674062,-19.9028778877
Glen_Ivy,1.75456692262,-11.858635325
Consol_Energy_Center,-16.4977730693,12.664865115
Friends_Of_Sure,42.5371704412,-3.1842843374
Art_Mann_Presents,0.238018993218,2.15160252169
Conspiracy_Theory_with_Jesse_Ventura_on_truTV,-23.1559482987,-18.3377049265
ArtsCow,-11.8804340658,28.56172559
Glenn_Beck,-27.8725826573,-16.913163942
ASA_Softball,-10.5597717779,5.85751900061
msnbc,-8.46721363408,-18.1215233648
Converse_All_Star,17.2621490536,-9.96156791812
Cookie_Monster,-13.9064707097,-13.7483464774
Cooking_com,-6.9929234361,29.6424928602
GlobalGrind_com,12.5271667677,10.4921617053
Asbury_Park_Boardwalk,-1.92547441501,-5.65502137024
Cooking_with_Trader_Joe_s,-7.60093856582,18.997187358
Cooking_with_Nonna,-5.52431103526,3.00421508474
Asher_Roth,11.6294218019,3.44361519905
Ashley_Holmes,6.09406263626,16.4825621275
Ashley_Tisdale,24.4777840653,-1.57325531729
Cooter_s_Place,-20.8502164895,-11.0182211157
Coraline,20.8789238414,-6.86266155108
Corbin_Bleu,23.5097929933,-1.53530771673
Corey_Smith,-27.6084119624,2.6570801025
Ashton_Kutcher,23.8655704543,3.0927946727
Cory_Booker,-6.71037927609,-20.434530753
GlobalPost,-8.5640554824,-21.4630913011
As_I_Lay_Dying_Official,15.0892484262,-19.8006614249
Ask_A_Ninja,10.0508499564,-28.1198341544
Ask_Dr_Sears,-14.8846568969,24.7045897875
Cosmopolitan_Magazine,7.72393893126,29.7211563697
Cossetta_s_Italian_Market_Pizzeria,-26.5964498747,-5.1459689585
Costa_Sunglasses,-24.9437014015,-9.4300556324
Gloria_Jean_s_Coffees,0.662569548487,0.880670891763
Aston_Martin,11.1359048826,-1.33645436528
CottageCountry,-7.66691369349,-7.55856777507
Glory_Daze,-2.87775254561,0.724036465671
Glowsticks,18.198628066,-9.79869917387
Cotton_Babies,-15.7277887163,24.6853688168
ASUS_North_America,-0.0628812404526,-41.5213425667
Gluten_Free_Girl,-8.28422234833,17.7475763454
Cougar_Town,-15.7302032843,-27.0793455632
Gluten_Freely,-8.29997959274,18.0160713668
Country_Strong,-17.7252868477,-24.3539377143
COUPON_DIVA,-11.9833762417,30.6828771543
GMC,-17.8886445043,-10.0343626308
Yahoo_Sports,-11.5947767903,6.4457233579
Goa,41.4193505322,-1.97792068581
Courageous_Movie,-27.2938646697,21.5307915109
ATB,15.4988929355,1.05571312721
Goal_com_North_America,25.2302430135,12.7558647102
Athenos,-12.4990929185,33.2818321551
Atlanta_Falcons,-26.1052837293,5.32857071603
CoverGirl,-9.94327523348,32.4015082886
Atlanta_Motor_Speedway,-20.1974763639,-6.0151162426
Cowboy_Magic,-11.9714018838,-9.73696556314
Atlanta_TravelTell,-25.8531942251,3.18624599537
Atlantic_Station,8.93673374167,11.6066882156
Cox_Arizona,-14.63168516,2.01780070105
Atlantis_Resort,3.85353938067,6.13389531355
Goapele,13.3493762301,11.2719736505
Cox_Farms,-13.3825460665,22.6016928343
Atlas_Shrugged,-26.0485656267,-18.2089634875
GoCharmz,22.5577611044,-9.56484816371
Cozi,-10.8170278905,21.3755971722
Go_Chicken_Go,-7.53315690004,8.48103029395
God,-25.0034822871,20.1351553494
CrackBerry_com,-5.32046735081,-4.05995163036
God_is_Great,-4.67419244727,5.5206054823
GODIVA,1.12079379832,6.05607337929
Atmosphere,8.98732169244,-9.01146455541
Cracked_com,6.92085060639,-26.0937236594
Attack_Attack_,16.9183102469,-20.534539797
Godsmack,10.3935781406,-15.6957614279
Miami_Heat,-21.1254577443,6.14646498799
Attack_of_the_Show,9.1765870526,-30.4137408336
GoFishn,-24.0661278794,-10.7287219092
Cradle_of_Filth,12.1365763469,-17.0858304086
CRAFT_Magazine,-7.52045310171,19.2027357283
Expedia,21.7506893628,28.2568880333
AT_T,-0.310656216638,-37.594689541
I_3_Basketball,-19.5325542746,5.3201925736
mark_girl,4.92113081028,29.3029942087
La_Academia,33.8780190045,8.98062445655
NOOK,-8.2907428598,20.1269500135
P90X_,-3.89030631725,14.3705353838
Racer_X_Illustrated,-19.9708345367,-9.87075293596
San_Fernando_Valley_Relics,1.60229406035,-11.7226730368
AT_T_U_verse,-4.52086014595,3.07439633885
Tabatha_Coffey,6.14250451252,16.6751635934
Gogol_Bordello,4.07465802645,-22.9255061274
Tabatha_Takes_Over,5.99949770921,16.3826501812
Tackle_Warehouse,-24.1184568771,-10.5656076837
Vampire_Knight,22.6208816339,-6.83567235473
Vampires_Everywhere_,18.0828013534,-19.7742598105
GoJane,4.14823151642,31.4202466389
Pablo_Francisco,3.76105521132,-9.17902017352
Auburn_University,-28.3955270713,4.83363453084
Pacific_Science_Center,2.03420238104,9.23143814416
Audi_USA,11.0016067714,-0.789530795703
Vampire_Wars,-5.79779028851,-6.98074052975
Craig_Owens,17.5361203544,-20.6751284564
Taco_Bell,14.600041122,-8.12772453164
Golden_Corral,-1.04917576253,10.9824514519
Crate_and_Barrel,-6.6047485915,20.7196652454
Vampire_Weekend,6.66204037242,-22.479288254
Gold_s_Gym,-6.26081167526,0.953025921052
Vancouver_Canucks,-16.8050519992,-0.625512887202
Rachel_Zoe,7.94941747738,27.981572236
Gold_Silver_Pawn_Official_Fan_Page,-8.01142259322,-3.27062254536
Crayola,-11.7432628774,28.6938265571
Goldstar,1.50177304309,-11.4574365767
Crazy_8,-15.9886428037,23.9686257863
PAC_MAN,10.4665634872,-27.0445161233
August_Burns_Red,15.7763912517,-20.2449072843
Radio_City_Christmas_Spectacular,-2.4446862735,2.62932801453
PacSun,15.1418100931,-8.88617554371
Auntie_Anne_s,-3.68240503502,1.17790963153
Golf_Channel,-9.89700714778,4.73937266521
Radiohead,5.9013253082,-21.4579304927
Auschwitz_Memorial_Muzeum_Auschwitz,-8.41724143148,-21.4282375315
Taco_Bueno,-34.8056784538,-4.83467972393
Lacoste,12.094849842,25.7620487591
Palladia,-1.6567491439,-3.93054015639
Australia,21.6356403904,20.8214143755
Palm,-0.337615889351,-37.7492550953
Crazy_Horse_Memorial,-6.50439328073,-6.35009791839
Taco_Cabana,-34.8357763281,-4.81337480746
Taco_Casa_Tuscaloosa,-28.8477956953,4.78375961651
Creation_Museum,-26.505374798,21.8332363647
Taco_Johns,-3.57040622824,-6.42101418524
Go_Magic,-22.1158265721,5.82449628637
Avant,13.1107899853,9.73618783898
Pal_s_Sudden_Service,-27.041695283,2.95671431195
Radiolab,-1.72096626265,-23.5451089395
Avatar,11.4324285052,-27.1273208217
Radiology_Technologists,-6.26107166592,0.340701426885
Tacori,5.39870679105,30.4702633701
I_Am_Number_Four,21.0216089632,-7.64092542622
Creative_Memories_Home_Office,-10.6092058752,21.2275556163
Pamela_Anderson,22.4036546434,3.12593466573
I_Am_Second,-28.0840965535,20.4032264667
Avatar_The_Last_Airbender,20.0794106437,-12.014818388
Aveda,4.19732028242,27.2617577337
RadioReference_com,-7.95187016232,-3.23165050307
Good_Charlotte,16.9426838068,-17.1529938429
RadioShack,-8.13667288626,1.54849588702
Creative_Recreation,10.4432303869,4.40828770862
Avenged_Sevenfold,13.7411427086,-17.7512931331
Iams,-8.28144745306,-8.29925023472
Good_Day_Oregon,-5.7781571514,2.1427375721
Raekwon,10.1670959642,6.87083082299
TAEYANG,20.3036895911,-2.94065775533
Ian_Somerhalder,23.3588203299,-4.70290365165
Taio_Cruz,23.7915269397,1.44828673351
CREDO_Mobile,-6.00175549246,-23.323158191
iCarly,24.3154986174,-9.83977678127
Rafa_Nadal,28.6655892736,11.731422713
Pampers,-16.1262397613,23.7653213892
Naimie_s,4.87373315617,30.563139835
Van_Halen,9.67446751461,-14.7689606871
Vans,11.6438314636,-8.13107611708
Panama_City_Beach,-28.5745994915,4.40785252641
Namco_Bandai,10.3435592067,-29.3757172144
Takers,12.7650965617,8.76164660772
Good_Morning_America,-8.6712742089,-16.1761431002
Taking_Back_Sunday,17.2842160596,-19.6163484716
A_Very_Potter_Musical,22.7034808155,-6.14113760158
Vans_Warped_Tour,17.6763144253,-20.6372106812
AVG_Technologies,-0.0583955471372,-37.6233643757
Panda_Express,-2.4060021748,1.55405482606
Nancy_Ajram,26.760817555,16.3208730309
Ragu,-11.3709778028,33.5392116448
Pandora_Boxx,3.89084623312,16.2520972032
Raheem_DeVaughn,13.7697574942,11.7903555151
Nancy_Alvarez_,34.397728781,10.3082497633
TALBOTS,-6.328497069,21.1002733127
Railroad_Earth,2.28645815616,-20.4176795473
Nancy_Drew_PC_Games,20.8432924649,-6.815288857
Avon,1.19406825301,4.67307492333
Tales_from_the_Crypt,1.56431604651,-5.49827926108
Talib_Kweli,10.8797466859,6.91194109185
Rainforest_Cafe,-1.64100871244,2.32975951337
Talladega_Superspeedway,-20.2555565047,-6.04303709287
Nancy_Grace,-14.6621907893,-23.688220631
Pandora,4.18307446306,27.5333722744
Raising_Cane_s_Chicken_Fingers,-6.5026848652,-0.643158412706
Good_Records,-36.1435740288,-5.77044113969
Rajon_Rondo,-21.7739167026,2.95758896039
Creed,10.2407014707,-15.0147976035
Ice_Cube,11.2405750265,5.69480078792
Creflo_A_Dollar,-28.9857638547,21.7390286011
Avoya_Travel,21.5742987604,28.6853906191
Pandora,-5.10420700476,-3.1551366562
ICEE,18.644129898,-6.48345338696
Lacuna_Coil,11.4827422184,-16.2011158754
Panera_Bread,-8.16531473747,19.3921911829
Avril_Lavigne,24.4681160959,0.182588926039
Ice_Fishing,-24.7387577107,-11.2239833231
TAMIA,13.3058658099,10.9287048971
Ralph_Engelstad_Arena,-26.6170017113,-5.07984866565
Lady_Antebellum,-19.6224248157,-23.3839501799
I_CHEW_MY_ICE_CUBES,19.9676181505,-9.35709896416
Panic_At_The_Disco,18.6789079515,-18.9253269365
Tampa_Bay_Lightning,-18.3036959505,-1.05229235106
V_ctor_Manuelle,34.169994209,10.18862897
Rammstein,12.3319900923,-15.9152299631
Pantene_North_America,-10.7920122663,32.5716244039
ideeli,4.9818238705,30.213406747
Ramona_Singer,6.38631958561,16.8469032025
Crest,-1.72964374544,6.68602747106
Vdara_Hotel_Spa_Las_Vegas,21.811227158,28.4120694634
Cricket_Wireless,-3.61721864083,0.467065908645
Good_Things_Utah,-14.5338871677,1.73158592976
Pantera,10.8999312817,-17.369134899
Awesome_Video_Games,10.8896656474,-31.7158897409
Goofy,-13.9213026119,-13.7474021959
LA_Galaxy,23.3869686839,12.4177686461
Google_Chrome,1.05515199984,-38.231306855
Tanger_Outlets,-13.065920083,23.2422770784
VeggieTales,-24.9700927321,22.0018401952
Google_Fiber_for_Fresno,1.80041420315,-11.9466466349
A_W_Restaurants,-7.27976202344,30.0317942246
Goo_Goo_Dolls,3.01717315336,-6.36737012398
Tangled,22.9123050181,-10.6141774425
A_X_Armani_Exchange,11.1089340872,26.0880679063
Papa_John_s_Pizza,-3.94966396271,8.86850032238
Criss_Angel,10.4426868392,-13.8237901108
VenicetheSeries,-16.5530055562,-26.1210410231
Ram_Trucks,-18.9633003813,-10.4104099084
AXE,13.9369936909,-8.04028665783
Venus_Williams,11.4032338931,11.8339463443
Papa_Roach,12.8475813529,-17.2433056685
Ramsey_and_Pablo,-8.72556554875,-8.89269060728
Vera_Bradley,-10.1643064568,21.4243966085
Crock_Pot_Slow_Cooker,-13.0863311241,33.5214400601
Gooseberry_Patch,-15.1831602936,34.0428251164
Crocs,-13.1672754536,23.0830173899
Ranbir_Kapoor,42.2761027699,-1.75797161296
Papers,-4.77998851188,-21.8252451969
Ayn_Rand,-26.0794123292,-18.1955937412
Cross_Fire,12.4140638085,-29.0667826023
Verizon_FiOS,-5.21271956935,-3.42414727554
Rancid,11.9288277444,-19.1141549712
Tank_Girl,7.46193345514,-24.9185529014
Goosie_Girl,-15.4224861452,23.3475435639
Tantric,10.0685883748,-14.9883061278
Laila_Ali,12.975337798,11.5441681387
Aziz_Ansari,5.02124830473,-23.4099425273
Pappadeaux_Seafood_Kitchen,10.5847817345,11.6757375516
Pappasito_s_Cantina,-34.8045271176,-4.84096417479
LA_Ink,2.60326730596,-5.84653481312
Rand_Paul,-26.4317368434,-17.4666430707
Parachute,19.6054664231,-17.8797215182
Tapatio_Hot_Sauce,1.72259526019,-12.1298736123
Nancy_Pelosi,-7.95315220244,-21.3371316957
CrossFit,-4.00888731883,14.4658802315
LAKE_GEORGE,-3.71919623947,-1.67344576215
Tap_Tap_Revenge,22.0452299819,-13.4671932193
Verizon_Wireless,-0.362674029192,-37.5329635764
Naomi_Klein,-6.15294214073,-23.0305166317
B96,1.52240700054,21.2110411002
Paranormal_Activity,19.0844531545,-6.70064350506
IDGAF,14.5437447426,-8.64357710426
Lakeland_Florida,-9.91407804407,-2.16261571955
Na_Palm,9.17804291288,3.09508288672
Taraji_P_Henson,14.0685806354,11.7699223239
Idlewild_SoakZone,-18.0594322211,13.2866932334
Paranormal_State_on_A_E,-10.5167853024,-10.6106580108
Lake_Metroparks,-20.5335329271,12.0221102656
Tastefully_Simple_Inc_,-11.1954960355,20.6474787016
NAPP_Photoshop_User_Magazine,-1.98845400702,-38.8569105952
Randy_Jackson_Presents_America_s_Best_Dance_Crew,18.774591939,-5.89329408702
Idris_Elba_Fan_Page,14.056785747,12.2866173305
Randy_Moss,-22.089816038,2.44287853306
Parazit_,27.3466262844,18.932942756
Randy_Rogers_Band,-36.9501062449,-3.15532917308
Taste_of_Home,-15.2013797592,34.0481168544
If_200_000_people_join_my_mom_will_quit_smoking_,19.9832897673,-8.91987313777
Range_Rover_USA,8.92717185733,-2.60725524037
GoPro,-13.3498998463,-6.39835667874
Vermont_Maple_Syrup,4.45494401857,-0.622079242772
IFC,3.61055195158,-23.3383299605
Ranger_Up_Military_and_MMA_Apparel,-24.6813399884,-14.0536301507
Lalah_Hathaway,13.7561288054,12.7118974123
Verragio_Engagement_Rings_and_Wedding_Bands,5.48038143569,31.0728307568
Naptown_Roller_Girls,-8.45851674083,8.19502410767
CrowdStar,20.7680112307,-8.60529871106
Lamar_Odom,-1.21283623537,-10.0464956068
Crown_Center,-6.67829396575,6.77926607256
Parenthood,-15.7908741861,-27.5739823519
LaMarr_Woodley,-15.8217427333,12.1470747673
NARS_Cosmetics,6.56408690152,29.5736971015
VersaEmerge,18.5619312344,-19.6868507458
Gordmans,-0.568016505745,4.80919559562
Parents_Magazine,-16.2990685786,24.0218478097
Cruise_com,21.5449581969,28.8103869929
Gorillaz,9.03151500021,-25.0927203826
Naruto,12.3076561762,-26.9882149086
VEVO,22.3910258015,1.96695507379
NAS,11.0454455069,6.56237754797
iHoops,-19.4374154949,5.34554047556
NASCAR,-20.8321688111,-6.07389187725
RA_RA_RA_AH_AH_AH_ROMA_RO_MA_MA_GAGA_OOH_LA_LA,22.2728181654,2.49067530219
R_A_Salvatore,9.65826304689,-28.028332331
Paris_Baby,-15.3049506991,21.4894334082
Babies_R_Us,-16.5034017559,24.3400358941
Rascal_Flatts,-19.4638173545,-23.680340617
VH1,6.61204044513,4.99243326603
IHOP,-3.19717338695,1.22815519387
iJustine,22.3386668029,-13.1956400198
Paris_Hilton,21.2122038849,2.83301108654
Tasty_Tacos,-6.20958263442,1.05616254053
Lamb_of_God,12.0508358101,-17.2877025889
TATIANNA,3.8912738621,16.237138808
Paris_Las_Vegas_Hotel_Casino,21.791310358,28.7277580088
Tattered_Cover_Book_Store,-3.52421646146,-23.1646352173
Landon_Donovan,23.5045899855,12.4178455515
RAYGUNshirts,-3.40302342438,-6.81426137636
BabyCenter,-16.2081244028,24.0605309409
Gossip_Girl,21.2222007513,0.989984892171
Lands_End_Canvas,-5.12567783766,28.5099634021
Ray_J,12.87276292,9.07602735961
PARIS,21.7313776936,20.5427563767
Lane_Bryant,-12.5929354665,27.4868147626
Parking_Wars,-3.53585778368,-0.685068357232
Parks_and_Recreation,5.14082851609,-24.3784707942
i_like_my_music_LOUD,13.6590727717,-17.4120260855
Gossip_Girl,21.6815112728,1.26183509294
Ray_Lamontagne,2.96690473674,-22.375406116
Vibram_FiveFingers,-4.04059662414,13.9938255152
Ray_Lewis,-12.0992731951,11.9492450399
Parrot,-1.55987635418,-40.2717208675
Vicki_Gunvalson,6.39515379219,16.8373132007
GourmetGiftBaskets_com,-5.10624414525,28.4701517634
Rayovac,-8.38343007818,30.1878051798
Governor_Chris_Christie,-26.6050229156,-17.3787024855
Party_City,1.02351565438,-1.25961935769
Ray_Rice,-12.1354159394,12.0268700594
I_Love_Being_Black,14.3165327592,11.0494602252
Victoria_and_Albert_Museum,-3.28062800795,-25.4578947924
NASCAR_RacePoints,-19.8978973034,-6.42204063537
Ray_William_Johnson,13.5759114261,-31.1337336232
La_Palmera,-6.92043300006,-1.71270460864
PartyLite_Gifts,-13.3443792751,22.7976371075
Crysis,9.5949400085,-33.7406978126
Governor_Jan_Brewer,-27.7698215383,-16.9172497845
LARABAR,-7.69052994738,18.248328049
Baby_Half_Off,-15.6942285798,25.248190288
Victoria_Justice,24.4008915708,-9.05556044666
Nashville,-29.1253071242,2.04635705763
Passion_268Generation,-27.4440280544,20.8764681204
Crystal_Bowersox,-17.5853834469,-24.44458411
LaRosa_s_Pizzeria,-24.456258878,11.4015389507
Crystal_Castles,6.60804339952,-22.1664580608
La_Roux,20.834789405,-0.42675114542
CSI_Crime_Scene_Investigation,-16.3215640646,-26.6563935263
Larry_Fitzgerald,-16.9867369833,2.91671559205
Passion_Pit,6.49579517352,-22.1969482467
CSI_Miami,-17.0569240118,-27.1338977434
Razer,9.57873070678,-33.8380099755
I_Love_Boating,-22.0843713994,-10.7667635545
Baby_Phat,12.1426108471,9.79259619512
Larry_King,-8.05403681012,-17.4421274512
Natalie_Dee,4.05982657697,-23.310301034
Natalie_Grant,-27.4166332435,21.245176172
Victoria_s_Secret,8.6233632884,30.6707682643
Tattoos_by_myttoos_com,9.08060160105,-13.5892399278
Grace_Potter_and_the_Nocturnals,2.34591456112,-21.0679043191
Natalie_Portman,23.2495060441,3.70315683284
Natasha_Bedingfield,22.7331811114,2.02286964438
I_Love_Christmas,-3.11808138377,1.04476398905
Backcountry_com,-12.5829659798,-5.80485703138
Larry_The_Cable_Guy,-21.0019332854,-11.3482323903
RCRD_LBL,5.11216346049,-22.7050179595
Cuba_en_Fotos,33.4081413352,11.1538641372
I_Love_College_Hoops,-12.3956554353,7.59955419236
Grandfather_Mountain,-26.9189462682,3.01823497443
PASTOR_E_A_ADEBOYE,25.0112731405,13.4605258552
Nate_Robinson,-19.4391435177,4.79951592041
Last_Day_of_School,18.4918890483,-9.78170367494
Late_Night_with_Jimmy_Fallon,-2.19149929519,-4.06830627842
NatGeo,32.6628558539,10.9694983829
I_Love_Halloween,0.28247681715,-1.61106532653
Backstreet_Boys,25.8367628036,3.40682999522
Pastor_Jamal_Bryant,13.8968921691,13.7723410645
Taurus_Horoscope_by_DailyHoroscopes_net,-1.08350542366,1.77369324348
Late_Show_with_David_Letterman,-7.69756691045,-16.5657770225
Grand_Hotel,-9.44843840569,2.59968007841
Pastor_John_Hagee,-26.6384788511,22.0732373547
Back_To_the_Future,9.79483491506,-27.9758836973
Tavis_Smiley,11.2736203899,13.390787744
Pastor_Mark_Leonard,-28.1837239352,21.5660458065
Victoria_s_Secret_Pink,8.54343578363,30.6691364736
RCR_Racing,-19.8006914609,-6.50454740418
Bacon_Hot_Sauce,-2.96087992718,1.27147076619
Latin_Burger,-9.63475570802,-2.01588433642
Grand_Ole_Opry,-19.8006938556,-23.2613716564
Pastor_Rick_Warren,-27.4248646746,21.4578743537
Cubbies_Baseball,0.830302035666,21.7086391953
ReactGear,-24.8693351655,-13.9833610096
Bad_Kitty,-8.4645190616,-8.51958203903
I_Love_My_Dad_by_We_re_Related,6.89692316308,3.08490895698
National_Aeronautics_and_Space_Administration_NASA,-3.85226329114,-26.663546019
Cub_Foods,-26.0203470351,-5.17544961671
Victorious,24.4413085524,-9.33002377709
Baked_by_Melissa,-2.22037616003,3.73506401588
RealD_3D,19.666682792,-8.52784649804
I_love_my_dog_by_AnimalSocial_com,-7.44495946184,-7.31842585288
Grand_Rapids_Griffins,-11.6960473536,2.7367480561
I_Love_My_Dog,-10.4975741655,-10.315246017
Baker_s_Drive_Thru,1.73341884522,-11.9408128177
Bakers_Shoes,6.6791153536,32.0217739309
Real_Housewives_of_Atlanta,15.6316875151,11.150633534
Real_Housewives_of_New_Jersey,6.35552240688,16.8029663833
Pastor_Shirley_Caesar,13.8650019126,13.7686496585
Real_Housewives_of_New_York_City,6.38019355192,16.8387953176
TaylorMade_Golf,-9.86014456041,4.72844385281
Patagonia,-12.4921314963,-5.75621528535
Real_Housewives_of_Orange_County,6.38943999263,16.838123887
Balboa_Park,1.82886094606,-10.6808396711
Laughing_Squid,-1.47339808183,-23.2481871378
Pat_Metheny,-3.1802031693,-22.2633248776
Real_Salt_Lake,-15.3129313699,3.09341903821
Pat_O_Brien_s_Bar,-5.09633150681,0.545676755415
Patricia_Cornwell,-8.7203075324,-8.88731412939
I_Love_My_Grandma_by_We_re_Related,-0.980553744222,0.395134826648
Bally_s_Las_Vegas,22.0970979153,28.6670520316
I_Love_My_Husband_by_We_re_Related,-0.51768867945,3.8101916285
I_Love_My_Mum_by_FamilyShare_com,27.1131958157,3.53596551318
Granite_State_of_Mind,5.19803956359,-0.395434523537
Vince_s_Spaghetti,1.7028561054,-11.5074410594
Vindictus,11.1834924873,-32.3312013814
Gran_Turismo_5_GT5,11.3409849444,-3.56670800237
Baltimore_Ravens,-12.1778331357,12.0515802697
Gran_Turismo,11.3573486986,-3.56567979715
Patrick_Star,19.2815991896,-9.9020635574
Grateful_Dead,2.14034458208,-20.5532788431
Vin_Diesel,24.1277478243,4.76052446727
Patton_Oswalt,3.8142257212,-23.5446961896
Vinnie_Paul,10.5156048434,-16.6967513528
Great_Smoky_Mountains_Association,-29.6711780082,2.3162437858
Patty_Griffin,2.22591207905,-22.3473597934
National_Air_and_Space_Museum_Smithsonian_Institution,-4.09631184458,-23.9821210496
Vintage_or_Tacky,4.80659390866,30.3697534622
Pau_Gasol,-1.25652492525,-10.0913713156
I_Love_The_Ocean,-1.35910247413,-1.11778219716
Virgin_America,22.3553891183,29.7045217869
Real_Simple,-7.37716987369,19.5335389561
National_Finals_Rodeo_2009,-12.8895947461,-9.78375431659
I_Love_the_Sound_of_Pouring_Rain_Showers_Thunderstorms,0.114841840173,-0.220607162863
I_Love_Twilight,42.3368380345,-0.755095773801
Paula_Deen,-15.3508895323,34.0769432635
Virginia_Beach_Visitors,-2.08934241312,0.817777844231
National_Geographic_Channel,-8.65863239082,-10.9384074394
Great_Wolf_Lodge,-13.5864251753,20.3643898254
Realtree_Outdoors_,-24.1074409571,-10.8861980809
Virginia_Beach_Sandbridge,-1.42241786706,-1.46462420615
Virginia_is_for_Lovers,-7.25667422928,3.28776308323
Greek,23.0245033712,-3.93688514498
National_Geographic,-3.54038027383,-26.2656853251
Green_Bay_Packers,-28.0896459026,-4.86237821721
IMAX,-3.03439911155,-0.155496354048
Reba_McEntire,-19.353449899,-22.9079539489
Team_Chevy,-19.9910341641,-6.57654897266
Paula_White,-28.8876598947,21.7125582763
Laura_Geller_MakeUp,3.65903309406,29.8770738247
Bama_Fanatics_,-29.4895955321,5.58134472045
Visit_Japan,1.2517507369,-3.79736413599
Bambi,0.423200907787,-1.37694568805
Laura_Ingraham,-26.9023811895,-17.2043688371
Team_Edward,22.8661671427,-8.00314076644
Paul_Jr_Designs,-18.4805304458,-9.20297192946
Paul_McCartney,3.22071875475,-6.69481341316
Bam_Margera,9.82663132598,-12.9377500772
Rebelution,9.04277440248,-9.02364032849
Team_Fortress_2,10.3737730696,-32.2712716457
Green_Day,16.7697085547,-16.8579492287
Team_Garmin_Sharp_Barracuda,-4.04116443037,13.479674393
Paul_Oakenfold,15.1313566602,0.838577211245
Banana_Peels_Diapers,-15.6465494101,24.7773753724
visitPA,-17.0424456404,14.2345158359
Reckless_Kelly,-36.921030352,-3.16734391699
IMDb,6.62521880314,-26.7658578219
Laura_Mercier_Cosmetics,5.87327129944,29.8725225411
Recyclebank,-11.4971563545,29.4446757005
Laurell_K_Hamilton,-7.67205590428,-9.80536196363
Banana_Republic,5.70343876749,29.5515734747
Paulo_Coelho,32.1408651228,13.0720288851
Team_Jacob,22.9993221074,-8.44026925311
Red_Baron_Pizza,-11.569974794,33.7518221487
RadioShack_Nissan_Trek,-4.06322298379,13.4483098455
Banda_El_Recodo,33.1783226862,9.48450964417
Green_Hornet,0.768068896899,-3.40219114703
Redbox,-12.7357284511,27.7151245386
Green_Lantern,9.64552459559,-27.8759023969
Green_Works,-12.6883878595,25.9765650349
Gregg_Braden,-8.81214658546,15.3634135604
Team_Twilight,23.9668278439,-5.72663092005
Law_Order_Special_Victims_Unit,-16.2772547183,-26.5775345257
Greg_Laurie,-27.5319422915,22.0861849115
vitaminwater,-1.77608533302,0.495265171974
RED,-2.08332869023,-2.55151473792
Layla_Grayce,-10.703472629,23.3858886967
Red_Eye_w_Greg_Gutfeld,-26.2932069928,-17.2175338105
Greta_Van_Susteren,-26.6597335919,-17.218009292
Paul_Pierce,-21.7846318101,2.93228028989
Red_Green,-22.0602736047,-13.2491214054
Imogen_Heap,6.36042787989,-22.6374054517
LBI,-16.9687627452,14.3560297571
Red_Heart_Yarns,-7.60715607671,19.5050943417
Vizio,-4.97074952048,-2.73989597383
Paul_Van_Dyk,15.4025972467,0.995741844547
League_of_Legends,9.30834481156,-31.6959191881
National_Guard,-22.2702631264,-12.5532526875
Culver_s,-25.7365700507,-5.17829122223
VNV_Nation,8.13161364351,-25.7962304938
Imo_s_Pizza,-7.331132297,8.56127117196
Vocalpoint,-10.6024547752,29.8610570665
Paul_Wall,11.5771506563,5.33911985646
Cumberland_Farms_Chill_Zone,4.98062806485,-1.47676500548
Pawn_Stars_on_History,-21.7162622058,-12.0791432026
Lean_Cuisine,-12.3644401642,35.6475863942
LeAnn_Rimes,-17.7715813432,-24.2944526078
LeapFrog,-15.9496286552,23.7235669048
Impress_Rubber_Stamps,-7.60232772359,19.8631822746
Pay_Josh_Cribbs_,-21.1005613103,11.6636594939
Cupcake,-4.81457866699,1.16496219752
I_m_shorter_than_5_9_,19.4519823069,-7.67377403285
Payless_ShoeSource,-0.549140355022,4.89902378625
IMVU,19.9848107283,-9.5139812998
Red_Hot_Chili_Peppers,11.3379367936,-14.0863896862
Band_of_Brothers,-20.4399628032,-16.176563666
Red_Lobster,-3.46426990299,1.77568380193
LeatherUp_com,-22.7475803318,-15.3182717782
PBS_History_Detectives,-4.30385488568,-23.7077761061
Band_of_Horses,5.27558624366,-22.5381746682
Lebowski_Fest,3.57995431401,-23.0132806505
Red_Mango,1.27011124284,-1.20834710203
Volkswagen_Canada,9.63079180313,-2.52688194241
Bandoo,32.8129222597,12.0087797016
Inception,9.23413525551,-27.0123207712
Bandra_Worli_Sea_Link,43.5794055089,-1.31646195658
PBS_KIDS,-13.4700374494,22.209680244
Gretchen_Rossi,6.37636795509,16.8261534888
Cupcake_Royale,1.89940059,9.2670578093
LEBRON_IS_BETTER_THAN_KOBE_by_freshbrewedtees_com,-20.8248101491,9.12555144164
Incredible_Edible_Egg,-12.863124814,34.6679793911
Redmond_Pie,-0.861574297035,-40.5659380876
LeBron_James,-20.4849386124,6.90279292517
VOLT_Restaurant,-6.60077751051,18.3986661751
Volvo,9.3189754256,-2.54936613534
Gretchen_Rubin,-7.52002417316,18.4279071671
Cup_Of_Joe_For_A_Joe,-22.2014295574,-16.3830854408
Team_Umizoomi,-13.428804127,22.7404822643
Incubus,11.8368362343,-19.8901031898
Teavana,-7.35597169831,19.252420435
PBS_NewsHour,-5.7968897208,-23.3990589156
Independent_Lens_PBS,-5.083608574,-23.4639163597
Greyson_Chance,24.5358224645,-8.11371436732
National_Museum_of_American_History,-4.28120146662,-23.7510595021
TechCrunch,0.184647725647,-39.503817715
Lecrae,-28.0559286711,20.9918650845
Grooveshark,0.411045064579,-37.1892069322
Bank_of_America_Chicago_Marathon,-3.41814099986,14.5647005142
Group_1_Crew,-27.4902107159,20.4414201077
VPI_Pet_Insurance,-9.29438798938,-9.60264832659
Barbie,5.89693295397,27.3000256937
Ledisi,14.0994993819,12.7298413072
National_Museum_of_the_Marine_Corps,-23.2298765508,-16.221591738
Grown_Ups,16.5805704938,-5.09374575027
G_Shock,9.77682424392,4.30048770911
GT_Distributors,-24.8752891776,-13.9715720126
VTech_Toys,-15.5901394749,23.4822806238
India_Arie,13.4333067051,12.469554302
Gucci_Mane,12.7357823679,4.87109110233
Re_Dress_Online,10.0641747076,12.7051610517
Indianapolis_Colts,-10.2122769201,9.48320062407
Curb_Your_Enthusiasm,4.73550729264,-23.4985646482
National_Naval_Aviation_Museum,-23.3873364717,-16.185382712
GUESS,9.97862752563,28.0861559312
Barbra_Streisand,-4.30894066274,-19.6362108507
Volkswagen_USA,9.07440613932,-2.64748715556
Cure_for_Lupus,-4.55373019649,6.31901158157
Curious_George,-13.5808451735,20.4559044497
Guideposts,-25.4942603656,20.5733375415
Red_Robin_Gourmet_Burgers,-3.2861746304,1.38261222674
P_C_Cast,21.9814478991,-5.65161041843
RED,-26.9678939555,19.7059239883
PC_Gamer,9.76534609588,-33.0849043871
Curtis_Granderson,-11.8766244122,2.86159415089
WABC_TV_Channel_7_Eyewitness_News,-8.46184539257,-16.0566937022
Left_4_Dead_2,10.8938611804,-31.9781480603
Left_4_Dead,11.2252769276,-32.1161169431
Red_Sox_Nation,5.43647836784,-0.175777528317
Legend_of_the_Guardians_The_Owls_of_Ga_Hoole,20.7321245763,-7.0900266211
Legend_of_the_Seeker,-5.6224326365,-7.47837222992
Red_Velvet_Cake,-2.59957521714,0.857287546324
Red_vs_Blue,11.4037363888,-31.9106259008
National_Rifle_Association,-25.4970650759,-14.6339319415
Cyanide_Happiness,9.410358493,-30.8987130478
LEGOLAND_California,0.00825764207563,3.22497629262
PC_Laptops,-14.6781471827,1.96508825085
Redwolf_Airsoft,14.4669827096,-33.1333854561
Cydia,-0.644816499987,-40.1944905817
Cypress_Hill,8.99710926665,-9.18578089581
Barclays_Football,25.6558479976,12.0296789534
Lehman_s,-6.72952019526,19.4577098371
Disney_D23,-1.49228316305,-0.250235985148
Reebok_Hockey,-15.9941776045,0.137285903742
Infiniti,8.93117666748,-2.60855595438
Peace_Corps,-4.50329614066,-22.1319482761
Reed_Timmer_Meteorologist_and_Extreme_Storm_Chaser,-8.72853360793,-3.34460191884
Lenka,24.9008539122,0.659082848017
Daddy,-10.5579210647,-10.4848973478
ING_Direct,-7.48074302045,2.56187673912
Guild_Wars_2,10.3520399875,-32.3571782453
BareMinerals_by_Bare_Escentuals,4.0131210084,29.7150075465
Guitar_Center,10.1764650177,-15.0605440014
Peace_Love_Bieber,24.9111583261,-8.64872997713
Tech_N9ne,11.3791827146,4.35866480683
BarlowGirl,-27.3061605312,20.572209372
Guitar_Hero,13.5739658893,-17.6089723395
Daddy_Yankee,34.2224766947,8.06043201237
Lenny_Kravitz,12.0166938283,-12.614118715
Barnes_Noble,-8.21245610928,19.9786651519
Reese_s,17.8251391113,-6.85541316022
Leo_Horoscope_by_DailyHoroscopes_net,-1.88063023261,3.00602206959
Reggie_Bush,12.0906879016,9.03932220543
Ingrid_Michaelson,5.72797584015,-23.3347542686
Guitar_Jamz,9.84341651315,-15.0346228335
Inna,16.8132506778,1.80659826302
Leona_Lewis,21.446615203,2.21171090902
BaronBob_com,-2.20986903384,1.61279016112
Wachusett_Mountain,5.24236834928,-0.388407122844
Leonardo_da_Vinci,-3.29000134898,-25.7815800468
GUNNAR_Optiks,9.1552663704,-32.9187980484
Leonardo_DiCaprio,24.0053130515,4.37339952656
Regina_Spektor,6.21815875272,-22.458910488
Guns_N_Roses,11.7840740172,-14.9718149617
Baron_Davis,-20.0405941397,5.4719120704
Les_Stroud,-10.271245341,-4.72247795411
Wade_Bowen,-36.9432570243,-3.1524273371
Barry_White,2.57685196841,3.40019868848
Baseball_Talk,-11.0043478541,5.24481342417
Let_Me_In,-6.53831556813,-8.22296310876
Region_8_News,-22.9403334131,-9.26450338107
Guns_Patriots,-25.7291446058,-15.2810277299
Letters_to_God,-26.6977981356,21.1102762815
Waffle_House,-5.52554038725,0.362218224424
Daft_Punk,9.08992328702,-25.1960824935
Natural_Chica,13.6772016612,12.8254052129
Gus_Pretzel_Shop,-7.34758860247,8.48918021018
Waiting_for_Superman,-3.86830781923,-20.5089401655
Baseball_Youth,-10.9977489456,5.14720907061
Guthrie_Theater,-26.2349703966,-5.60295079046
Letters_to_Juliet,20.5725008299,-6.16550106584
Natural_Hair_Rules_,13.6011817862,12.7452245034
Guy_Harvey,-25.0574513981,-9.27506764979
Basketball_Wives,15.3343393862,11.0041620003
Letters_To_Pushkin,-9.38462047281,-9.68451190181
Waka_Flocka_Flame,12.5164115527,5.06150426373
Leverage,-16.1502541871,-26.7291566552
Baskin_Robbins,6.55779825311,3.92030333733
Gwar,9.71434917385,-16.1845018193
Insanity_,-3.88539958593,14.4415180832
Levi_s,-1.12619503441,10.971272273
Wake_Up_with_Al,-4.91073851791,-1.29608468223
Nature_PBS,-4.75850412416,-23.5497052149
DailyCandy,4.28720184361,27.4235985329
Gwen_Stefani,22.669495147,2.54560799449
Nature_s_Own,-7.96765847237,30.4681720707
Gymboree,-16.0603309696,24.0189708743
Basset_Hounds,-6.48697653855,-6.36725065511
Dairy_Queen,-10.1234737501,34.5103872987
Wale,12.6030021577,4.71592533399
Nature_s_Path_Organic_Foods,-8.15939549425,18.0938789534
Bass_Guitar,10.0700095501,-15.1287730488
Gyptian,13.3524269512,8.46659921904
Nature_Valley,-2.1213394848,6.0615802157
Basshunter,12.2245668907,-26.4897407113
Dale_Earnhardt_Jr_,-20.5020509143,-6.1091564137
Nautica,-4.10411183949,8.51965001838
Inside_Job,-6.20619012014,-22.6359665888
GZA,10.1186369861,6.86611859098
Half_Price_Books,-34.8255166704,-5.18785929938
Inside_NASCAR,-20.0492532931,-6.34149504048
Bass_Pro_Shops,-23.9491028273,-10.696285662
Navy_Exchange,-0.456232113557,3.75772572956
Inside_The_NFL,-12.6993537439,9.49522495679
Bath_Body_Works,-13.3257300791,30.5485897522
Dallas_BBQ,10.509159489,11.6054202659
Levon_Helm,1.96245458191,-20.8246450332
Insomniac_Games,10.6985661441,-31.1966432272
Tech_Savvy_Agent,-3.21623038713,-14.4867019594
Hallmark,-6.73390509563,2.93184634014
Dallas_Cowboys_Cheerleaders_Making_the_Team,-6.67869682969,-0.970300664056
Navy_Pier,0.751572284122,19.9937337914
Dallas_Museum_of_Art,-35.6969331917,-5.53685108153
Hall_Oates,-2.78357703128,-2.02471723267
Peach_Rings,18.5723280195,-7.59167475509
Institute_for_Integrative_Nutrition,-8.37659709886,17.0181134856
Pearl_Jam,9.21078824546,-17.4965635511
NBA_2K,-19.7341436437,5.43651958174
Batik_Indonesia,25.5830909435,0.949141357287
Lewis_Black,-3.74128818374,-21.1675087883
Halloweenmovies,-1.0737190162,-1.20532436292
Pechanga_Resort_Casino,1.66547020051,-12.0590232083
Halo_Pets,-9.34899202321,-9.61947830176
LEX_18,-25.1019699704,9.91829905721
Close_Up,42.5807482643,-2.69785450017
Pepsodent,42.4064187168,-3.21915461721
Bajaj_Pulsar,41.9568314791,-2.945863376
Calvin_Klein,11.8121138951,26.3305651779
Dior,11.8161074915,27.1684811828
Donna_Karan_New_York,10.3633361034,27.3560624753
A_C_Milan,27.7002120492,11.3967956213
British_Airways,23.0231631483,25.5106928644
Max_Bupa,42.3669629253,-3.84906203583
Resultrix,41.3542921242,-3.93619065812
Ducati,11.2515035389,-1.3689456797
Fastrack,42.6624060543,-2.51096996746
Pepsi_India,43.2735366365,-2.67683771791
MINDLESS_BEHAVIOR,17.0545021848,-1.06647311767
Puma,26.3573093209,3.66625153889
Reebok,6.84480400272,3.32479752686
Turkish_Airlines,22.9254408175,24.9212672847
Umbro,25.9105016332,12.316966579
Adriana_Lima,20.7664000397,3.40369811475
Afrojack,15.23716793,0.901111941263
Akshay_Kumar,41.9972334174,-1.73043431698
Al_Ahly,26.664710545,15.2476078921
Cesc_F_bregas,25.8073149484,11.845527951
Chamillionaire,11.7623014167,5.13664499986
Children_Of_Bodom,12.1373404489,-17.2409398162
AMO_EL_FUTBOL_,31.0102772856,9.4660027579
Ciara,18.4813694356,5.28282324591
City_Of_Wonder,0.953727394883,0.693526132975
CM_Punk_WWE_Universe,0.767362710435,-6.15223394865
GEET,42.2060440451,-2.00650030261
George_Clooney,32.6364400753,12.240098997
Cody_Simpson,24.9232923627,-8.31509213293
Arash,27.3231338488,18.7949157338
Combat_Arms,12.976258162,-31.4270796326
Cornetto,42.3881300494,-2.65465795115
Corny_Pickup_Lines,14.9001529436,-8.77751635403
Campus_Calling,41.4942017179,-2.59413038025
Assassin_s_Creed_2,11.5562772822,-30.0474480941
God_Of_War_3,11.4510938293,-30.3093173863
GoD_OF_WaR,11.923727266,-30.2354273135
Reliance_Global_Call,40.710988642,-2.26372826552
I_3_Converse_D,33.3229837913,7.58644088189
Crazy_cabbie,20.2436803341,-9.87335935307
AVATAR,24.473833887,5.20649419636
Vanessa_Hudgens,23.6098393446,-1.47031892827
Vegeta,12.7134859372,-28.2024992987
I_HATE_YOU,19.3604851222,-3.3772361806
Baby_Bash,10.7268770194,5.17923455337
Rat_City_Roller_Girls,2.10586954304,9.18209619293
I_Love_Delhi,41.9445525154,-2.22465503974
I_love_Lebanon,26.7085185917,16.0709634726
Cules_de_FC_Barcelona,29.2300370241,10.520810927
Team_Bieber_3,24.9288602112,-8.63857035017
I_Love_Tehran,27.3473919038,18.9194756332
Barbizon_Modeling_and_Acting_Schools,21.9849490715,-8.58879080066
Barcelona_2020,29.1339744318,10.8028577318
Citibank_US,-3.27238319744,3.95690931587
Pitney_Bowes,-6.79470999783,-1.1152814922
L_Or_al_Paris_France,12.6298447187,25.8224962682
Giorgio_Armani_Beauty,11.425402692,26.8478681273
Palazzo_Versace_VIP,11.6598389164,26.7044616094
Parfums_GIVENCHY,10.8320866852,26.9904730274
NINA_RICcI,40.8590532292,0.0463034250675
Hink_the_Butler_Bulldog,-9.26461989346,8.63887264986
The_University_of_Chicago,-11.8688388256,-19.2944582578
Carrington_College,-3.41896723094,-3.41386011517
Cat_Products,-19.5259812511,-9.53565410861
Citro_n_World_Rally_Team,11.5788352091,-2.63159204399
DoubleTree_by_Hilton,21.2811255428,28.3928707061
Emirates_Elite,23.2636707599,24.8208787621
Fujifilm_Cameras,-0.982439051265,-36.852587865
Holiday_Inn,3.78878562556,6.09872815915
Houston_Texans_Cheerleaders,-35.2251114348,-3.72179360053
Capri_Sun,-2.03119388758,5.24866852852
Kraft_Cheese,-11.5635048076,33.2552483317
LCR_Honda_MotoGP_Team,11.6499442504,-2.08262852492
Mizuno_Football,26.0432335773,12.4268856511
Renault_F1_Team_Official,11.6034328701,-2.56707797845
Sheraton_Hotels_Resorts,21.8779626532,26.1120757782
Starwood_Hotels_Resorts_Worldwide_Inc_,21.5523277038,26.383481695
The_Toronto_Raptors,-21.0395738528,4.44069220635
Westin_Hotels_Resorts,21.8581323768,28.0658860748
YAMAHA_MOTOR_CORPORATION_U_S_A_,-19.7724289788,-9.78922246897
Aaron_Fresh,17.1098368771,-1.14450661138
Calling_Shotgun,15.1840222695,-8.83102200455
Call_of_duty,11.6999829396,-29.4499308188
Call_Of_Duty,11.9687665418,-29.2300558119
Cancer_Horoscope_by_DailyHoroscopes_net,-0.56536448246,1.2486830144
Capricorn_Horoscope_by_DailyHoroscopes_net,-1.26021449448,1.72336185536
Adam_Sandler,24.0614828182,4.68912648099
Adel_Ferdosipour_Fans,27.3487184549,18.8634065881
Castles_N_Coasters,16.4884377394,-6.35645198079
Cathy_Nguyen,24.7406868941,-12.8342243947
Aguilucho_soy,34.825108664,9.97003576503
CCS,11.3101023768,-8.00852579322
Alexis_y_Fido,33.0832119673,8.66694147725
Al_Fondo_Hay_Sitio,33.2409841187,8.68794796574
Al_Hilal_Saudi_Club,26.751339205,14.9464974931
Chase_Coy,19.5874379587,-19.1292376698
All_Shall_Perish,15.1178619096,-20.0056391361
Chicharito_Hernandez,32.5224033848,9.09035005295
Chiddy_Bang,11.5828483068,3.29747539479
AMIR_CHOCOLATE,27.3462039227,18.8868509888
Christian_Beadles,24.8590985844,-8.54908042506
CIAA_Tournament,12.4087408206,13.790003866
Ancient_Iran,27.3607778232,18.9193634731
Gabytips,33.7469511586,8.62989857305
Anime,19.6227646496,-13.1565968934
Club_Atl_tico_Boca_Juniors,30.7592405957,9.55966078194
Club_Santos_Laguna,32.1668413194,9.2793981417
Anthony_s,34.1529304349,9.86683314897
Antoine_Dodson,18.8967674751,-7.56366466224
Gemini_Horoscope_by_DailyHoroscopes_net,0.0993794249889,1.87106385804
Cocaine_Cowboys,9.73840830678,4.90487527171
Arcangel_prraaa,32.8841857222,9.0025636083
Godfather_Airsoft,14.4920899247,-33.1397074036
Armada_Skis,10.0858071547,-7.26798197856
Gingy,18.8214150361,-6.07572775198
Ginuwine,12.9782764933,9.30717351056
Girls_4_Ganja,2.2433161724,-6.06926045331
A_Rocket_To_The_Moon,18.9169360227,-19.5625181991
Confedera_o_Brasileira_de_Futebol,28.7458186348,11.1291355434
A_Skylit_Drive,17.32182267,-20.4978337519
Court_m_trage,26.7676994457,16.0278675378
ATHLETIC_STAR,23.2128089431,3.68148386431
Aubrey_Drake_Graham,12.5537299338,5.97712785982
Radio_Javan,27.3548334362,18.9194071106
La_C_scara_LaCascara_TV,32.8752556498,9.09543727897
Golshifteh_Farahani,27.3515071499,18.901856291
Aventura,33.7568822095,9.53815742418
Ichigo_Kurosaki_Fan_Club,19.3947669705,-13.1178571864
Ladytron,6.09553002472,-23.003984559
VEIL_OF_MAYA,15.3577453101,-20.1132253437
Googoosh_Music_Academy,27.3521246744,18.9066083132
Tank,13.5898986081,10.6669965655
Very_Mary_Kate,6.39691673094,-23.6345846323
Cruz_Azul,31.7591632108,9.2134571525
Gorilla_Zoe,11.5430858272,5.21049282137
Gossip_Girl_Fansite_by_Wetpaint_com,21.9925849802,1.11381350729
Vexika,-23.1798041984,-16.2716188172
Rashard_Lewis,-21.9481484101,5.78602528515
Rasputia,17.65332218,-4.00823389638
I_KILLED_THE_PROM_QUEEN,15.8347803817,-20.0815492033
Pastor_Cash_Luna,35.055998146,9.04268544822
Nastia_Liukin,20.467939334,-6.33358061959
Tattoos_and_Tattoo_Art,9.48629215364,-13.8316727074
Bacon_Egg_Cheese,2.61200807986,-2.9176005483
I_LOVE_MY_BFF,21.5685391314,-9.33252869467
Taylor_Gang,11.728739649,3.66971759629
Taylor_Momsen,22.8443006377,0.51502831951
Virgo_Horoscope_by_DailyHoroscopes_net_,1.67812718289,2.10778952089
Bananas_en_Pijamas,33.0437774803,8.44320139537
LAVO_NYC,10.2650282993,25.0740675017
Bandamax,33.338022087,9.42723177017
Viva_Barca,26.8163913564,14.8854162693
Viva_La_Bam,9.75819268334,-13.2629070072
Import_Tuner_Magazine,8.07155366819,-3.62312562206
Volcom,11.5822310835,-8.07651714144
I_m_sorry_I_love_you,19.9178880555,-3.25186071263
Volleyball,19.5130898928,-6.36640458588
INDEPENDENT_TRUCK_CO_,10.8728480664,-8.08627295732
Lee_Harvey_s,-36.0616023242,-5.63757808826
LEFT_4_DEAD_THE_MOVIE,11.4585988532,-31.7810353118
Lemmy_Kilmister,10.4814287891,-16.4765804679
Leopold_Butters_Stotch,10.8180324867,-27.8609803566
TechnoMafia_Records,14.8076172931,0.64018861846
Dahsyat,25.3913828271,0.867337625244
Dahvie_Vanity,19.7881623838,-19.0337537159
Lev_ntate,34.1899133731,10.0751882605
Inside_Gaming,10.9912134022,-31.9295662575
Peaches,5.5507173707,-22.6377422667
ESCADA,11.2914752471,27.3988702731
Boston_University_Athletics,5.33770437905,0.0981448732211
George_Mason_Athletics,-13.5757659004,10.2470872509
Georgetown_Athletics,-13.9660481958,9.56912109426
Princeton_University_Athletics,-4.85018325759,-11.3916427688
UCSB_Athletics,0.948313453596,-12.2621517301
UNLV_Athletics,-14.1072496862,3.05535347278
Villanova_University_Athletics,-15.1433104488,13.7580689149
American_InterContinental_University,2.22468978183,0.588077541374
Cleveland_Browns_beating_the_Steelers,-21.0541114882,11.6572562528
Haas_School_of_Business_UC_Berkeley,-13.2913969755,-16.3472128878
Harvard_Business_School,-5.36609604068,-12.4381245691
Hefty_Slider_Bags,-12.6900252651,33.2353703496
Nationwide_Insurance,-18.2032701999,-6.9363355757
Nutter_Butter,-30.1801374152,6.40045047178
The_Northern_Trust_Open,0.136211230268,-12.0131403349
Sara_Lee_Corp_,-11.2704020525,19.1082923101
WTTW_Channel_11,0.180358312345,19.9910265828
Water_Tower_Place,0.782881116928,19.9689215272
Camp_Zoe,2.77254828491,-20.1694117014
Active_Ride_Shop,11.0778805289,-8.05451811372
Casey_Donahew_Band,-36.9078742464,-3.1595137313
Air1,-26.7895453362,20.7072502026
Alex_s_Bar,5.51513218201,-19.4636903496
Chanel_aka_CC,10.296681614,3.97187339595
Alpha_and_Omega,20.3748700421,-7.79746645844
Chick_fil_A_of_Wilson,-10.2380807427,-0.924588421059
America_s_Beauty_Show,5.3620787065,14.8445812127
Chris_Bosh,-20.9347187528,5.19990493075
Chris_Webby,11.5593815117,3.05496836894
CHUBBYS,-13.3642226641,-1.96045426619
Anime,19.116152723,-12.4036726468
Anna_Lamb_Photography,-29.6278600212,5.58512819132
Galpin_Studios,-14.7096126739,22.974115597
Coady_Photography,-10.4445254317,-9.1314950584
Get_Married,1.18397277238,5.2597824651
As_Tall_As_Lions,17.0376493476,-22.3331131413
ATL_Nightlife,-25.7396487628,2.53565645989
ATL_The_Movie,12.8522822605,6.04429156077
Craig_Morgan,-20.5660214677,-11.9424099271
Crawfish_Shack,-35.5249656152,-3.86103963399
Crazy_Beautiful,1.13040321211,5.92087893654
Padiddle,4.43740036162,-3.4064152464
Austin_City_Limits,2.34939743215,-22.1634602218
I_3_Dread_Heads_,12.6157481046,6.48814851568
Tactics,10.9749925856,-7.89691933907
Vanderbilt_LifeFlight,-29.0373451975,2.18888689641
VanDerGinst_Law,-23.1041959759,-16.411172887
Varsity_Cheerleading_Dance,22.3110418012,-8.6002196984
Tania_Amthor_Fitness,-5.67150998172,14.4798962716
Crossroad_the_Movie,-27.2468959641,21.224501039
ihatestickers_com,8.06168070426,-3.65421347622
Paris_Hilton_s_My_New_BFF,21.8600349282,1.43600194399
Lance_Briggs,0.846505137293,21.5814686301
I_Kissed_A_Vampire,23.5057790198,-2.0346393313
TATTOOS_BY_BONG,2.66057010644,-9.84328691769
Goykphoto,1.03186957007,21.1959261704
Latino_96_3,2.51620880838,-12.7713610936
Videograss,10.227466374,-7.37834351345
Realtree_Road_Trips_,-24.0596155472,-10.7142866922
The_Challenge,5.12858343756,14.9386413359
Visit_Carlsbad,1.9078647084,-10.5160532691
Laxtitutes,9.29043426135,-5.85446359866
Von,13.2504630661,5.9701382028
_CUSENATION_,-15.0383990371,6.73540394948
National_Underclassmen_Combine,-12.3077884008,8.31635106748
Nativa_Boutique,33.9592781238,10.8520362206
In_N_Out_Burger,-2.48755038258,-0.66688031873
Bassnectar,3.39454856079,-19.7831995053
Long_Island_University_Brooklyn_Campus,9.92728338532,11.4560799029
Ala_Moana_Center,1.10891468052,4.28896397479
Harrington_College_of_Design,0.795349773764,19.9188497275
Northbrook_Court,2.37046122367,28.4965174772
La_Clippers,-19.1635999972,5.59134102966
MB_Financial_Bank,0.761398698874,21.3001863463
California_Fresh,0.414930668332,2.85637954735
Capt_Hiram_s_SandBar,-9.35140576002,-1.67587367366
Chad_Pimp_C_Butler,11.8173975419,7.80843099966
Cheba_Hut_Toasted_Subs,6.2971523147,-6.46587986598
Ambiance_Suites,1.94762251549,19.4553264888
Co_Co_Sala,-7.61306483004,2.78134107844
CollegeFest,4.86397382931,-1.22638448935
I_like_Big_Lips,12.5511115512,7.67842741442
Halo,12.7164484217,-28.2810994269
K_State_Sports,-8.74836406617,8.86368871434
ACCO_Brands,-25.1653409971,19.5270004144
UT_McCombs_School_of_Business,-14.1401303245,-13.994762647
W_P_Carey_School_of_Business_ASU,-14.8472950312,1.64228059043
Wacka_Flacka_Flame,12.4462317396,6.02514806049
Vanderbilt_Owen_Graduate_School_of_Management,-15.1042759872,-16.151628914
B4_Photography,-15.3062594548,21.6580492689
Hallelu_Boutique,5.58735534573,28.5006655389
Baby_Posh_Garage,-15.1535680807,23.2350465184
Belmont_Bruins,-28.0427998271,1.56691485682
Oakland_Golden_Grizzlies,-12.7224707701,3.40110439286
UAB_Blazers,-27.0964641121,3.64911284532
Utah_State_University_Athletics,-14.99419274,3.01373201516
Xavier_Musketeers,-24.6562730834,11.3646588496
Woman_Talks,12.9191338749,27.0671183617
Brunswick_Bowling,6.94768973806,-12.9961560651
New_Orleans_Saints,-19.9303768239,3.50399941092
The_Ohio_State_University_Max_M_Fisher_College_of_Business,-11.7531895207,-16.048659011
Tuck_School_of_Business_at_Dartmouth,-14.5662753229,-16.3158516494
University_of_Washington_Foster_School_of_Business,2.52572187769,9.80101619873
WTNZ_TV_FOX_43,-30.3754956071,1.44580495758
Addictive_Fishing,-24.8476892331,-9.62902708606
Afro_City,13.2468256307,12.9368609881
Al_the_Can,19.5023202182,-9.01997518955
Travel_Deals_of_the_Day,-7.92397905587,0.0872367015469
Autism_2_Awesome,-7.36690847253,5.38619389914
VC_Ultimate,-0.442173563818,-3.56459716737
Axis_Powers_Hetalia,19.0692201527,-13.3070454134
Concur,-0.774786191945,-35.0195817669
Indianapolis_Colts,-10.4430182531,9.96114997954
Johnson_Graduate_School_of_Management_at_Cornell_University,-14.5312991963,-16.3003591557
Kobe_shoes,-1.65323572732,-9.48382059052
SPSS_Inc_,-7.48181875742,-19.9898653905
Alex_Grey,2.04108700917,-20.2264007508
Classical_Photography,-26.8851202496,3.07051917909
Atrevete_A_So_ar,33.1857044088,6.88935593251
Good_News_In_Oakland,11.6528075053,11.4929014003
Emory_University_Goizueta_Business_School,-14.7542233128,-15.7188611794
Tattooed_Mom,4.60301436187,-21.8769381343
Smeal_College_of_Business,-17.1477949268,14.0590970053
Hu_Athletics,12.2785386501,14.2815883896
Saint_Peter_s_College_Athletics,0.162794503408,27.1204472353
USC_Marshall_School_of_Business,-2.56218982996,-14.1961922644
UNC_Asheville_Bulldog_Athletics,-22.6802947707,-1.64882641887
Wofford_Terriers,-24.8240921903,-5.39627786663
Columbia_Business_School,-12.8379297235,-16.2405128631
UCLA_Anderson_School_of_Management,-14.2061454466,-17.3339799142
UVA_Darden_School_of_Business,-14.7418337534,-16.4013745656
Chris_Johnson,-27.9888246493,0.348597427394
Tassimo,22.0815803599,23.2288748394
Swingline,-4.75284664421,29.4433171551
UC_Irvine_Merage_School_of_Business,-14.8448609621,-16.2658239043
Atlanta_Falcons,-17.4345111155,0.0482958577119
Brookdale_Senior_Living,-4.65988502819,-24.6168648597
Anixter,-12.4789140362,-1.68850385975
Bucknell_Mens_Basketball_Official_Page_,-14.188453606,-11.6434114686
A_B_Freeman_School_of_Business_at_Tulane_University,-14.5064603565,11.7817415254
Newtons,-8.85740661682,-18.9169418836
Miami_Heats,-21.6227060497,4.92560147704
Olin_Business_School_at_Washington_University_in_St_Louis,-15.0414342227,-16.293809692
Tepper_School_of_Business_at_Carnegie_Mellon,-14.712832266,-15.900534038
General_Growth_Properties,-9.60209787216,-11.2890815829
Molex,1.63744620571,30.8979730957
Concur_Breeze,-2.70832837891,-28.9854694459
Boston_University_Brussels,6.16881764081,-0.853470108985
Career_Factor,-1.90127944061,-40.9586871262
LKQ_Corporation,-16.5824898159,-9.70411985301
Arthur_J_Gallagher_Co_,42.0003593063,-3.93458669736
FOX_5_San_Diego_KSWB_TV,22.8934740948,-10.8496042188
Go_West_Choice_Hotels,-3.73128976073,-27.3794220962
Tellabs_Inc_,-2.11821631842,-23.9739497772
Tippie_College_of_Business_University_of_Iowa,-8.70220812743,20.4389991414
Great_Lakes_Brewing_Company,-20.0157945609,-16.3106090062
Morningstar_com,-9.86019601778,-17.0738301799